지역,국가,대학명,유형,한국학제공형태학사,한국학제공형태석사,한국학제공형태박사,한국학제공형태교양어학원,한국학제공형태세종학당,한국학제공형태코리아코너
동남아,베트남,FPT대학교-껀더캠퍼스,사립,Y,N,N,Y,Y,N
서유럽,프랑스,ISC파리경영대학교,사립,N,N,N,Y,N,N
서유럽,영국,SOAS 런던대학교,국립,Y,Y,N,N,N,N
동북아,일본,가가와대학교,국립,N,N,N,Y,N,N
동북아,일본,가고시마국제대학교,사립,N,N,N,Y,N,N
동북아,일본,가고시마대학교,국립,N,N,N,Y,N,N
동북아,일본,가나가와대학교,사립,N,N,N,Y,N,N
동북아,일본,가나가와현립복지대학교,국립,N,N,N,Y,N,N
동북아,일본,가나자와대학,국립,N,N,N,Y,N,N
동북아,일본,가나자와세이료대학교,기타,N,N,N,Y,N,N
동북아,일본,가나자와학원대학교,사립,N,N,N,Y,N,N
동북아,일본,가노야체육대학교,국립,N,N,N,Y,N,N
남미,볼리비아,가브리엘레네모레노자치대학교,국립,N,N,N,Y,N,N
동북아,일본,가와무라학원여자대학교,사립,N,N,N,Y,N,N
동남아,인도네시아,가자마다대학교,국립,Y,N,N,N,N,N
동북아,일본,가쿠슈인대학교,사립,N,N,N,Y,N,N
동북아,일본,가쿠슈인여자대학교,기타,N,N,N,Y,N,N
동북아,일본,간다외국어대학,사립,Y,N,N,Y,Y,N
동북아,일본,간사이국제대학교,사립,N,N,N,Y,N,N
동북아,일본,간사이대학교,사립,N,N,N,Y,N,N
동북아,일본,간사이외국어대학교,사립,N,N,N,Y,N,N
동북아,일본,간사이의과대학,사립,N,N,N,Y,N,N
동북아,일본,간사이학원대학,사립,N,N,N,Y,N,N
동북아,일본,간토학원대학교,사립,Y,N,N,Y,N,N
동북아,일본,갓스이여자대학교,사립,N,N,N,Y,N,N
동북아,일본,게이센여학원대학교,기타,N,N,N,Y,N,N
동북아,일본,게이아이대학교,사립,N,N,N,Y,N,N
동북아,일본,게이오대학교,사립,Y,Y,Y,N,Y,N
동북아,일본,게이와학원대학교,기타,N,N,N,Y,N,N
서유럽,벨기에,겐트대학교,국립,N,N,N,Y,N,N
동북아,일본,고난대학교,사립,N,N,N,Y,N,N
동북아,일본,고리야마여자대학교,사립,N,N,N,Y,N,N
동북아,일본,고베국제대학교,사립,N,N,N,Y,N,N
동북아,일본,고베대학교,국립,N,N,N,Y,N,N
동북아,일본,고베쇼인여자대학교,,N,N,N,Y,N,N
동북아,일본,고베시외국어대학교,국립,N,N,N,Y,N,N
동북아,일본,고베신와여자대학교,사립,N,N,N,Y,N,N
동북아,일본,고베야마테대학교,사립,N,N,N,Y,N,N
동북아,일본,고베여자대학교,사립,N,N,N,Y,N,N
동북아,일본,고베학원대학교,사립,N,N,N,Y,N,N
동북아,일본,고시엔대학교,사립,N,N,N,Y,N,N
동북아,일본,고치대학교,국립,N,N,N,Y,N,N
동북아,일본,고쿠사이크리스트교대학,사립,N,N,N,Y,N,N
동북아,일본,고쿠시칸대학교,사립,Y,N,N,Y,N,N
중미카리브,멕시코,과달라하라대학교,국립,N,N,N,Y,N,N
중미카리브,과테말라,과테말라산카를로스대학교,국립,N,N,N,Y,N,N
북미,미국,괌대학교,국립,N,N,N,Y,N,N
북미,미국,괌커뮤니티칼리지,국립,Y,N,N,N,N,N
동북아,중국,광둥건설직업기술학원,국립,Y,N,N,N,N,N
동북아,중국,광둥공무직업기술학원,,Y,N,N,N,N,N
동북아,중국,광둥남화공상직업학원,국립,Y,N,N,N,N,N
동북아,중국,광둥문예직업학원,,N,N,N,Y,N,N
동북아,중국,광둥백운학원,사립,Y,N,N,Y,N,N
동북아,중국,광둥영남직업기술학원,사립,Y,N,N,N,N,N
동북아,중국,광둥외어외무대학교,,Y,N,N,N,N,N
동북아,중국,광시사범대학교,국립,Y,Y,N,N,Y,N
동북아,중국,광저우남방학원,,Y,N,N,N,N,N
동북아,중국,광저우섭외경제직업기술학원,,Y,N,N,N,N,N
동북아,중국,광저우성건직업학교,,Y,N,N,N,N,N
중유럽,독일,괴팅겐대학교,국립,N,N,N,Y,N,Y
동북아,일본,교리츠여자대학교,,N,N,N,Y,N,N
동북아,일본,교린대학교,사립,N,N,N,Y,N,N
동북아,일본,교아이학원마에바시국제대학교,사립,N,N,N,Y,N,N
동북아,일본,교에이대학교,사립,N,N,N,Y,N,N
동북아,일본,교토노틀담여자대학교,사립,N,N,N,Y,N,N
동북아,일본,교토대학교,국립,Y,Y,Y,Y,Y,N
동북아,일본,교토부립대학교,국립,N,N,N,Y,N,N
동북아,일본,교토분쿄대학교,사립,N,N,N,Y,N,N
동북아,일본,교토산업대학교,사립,Y,N,N,N,N,N
동북아,일본,교토세이카대학,사립,N,N,N,Y,N,N
동북아,일본,교토여자대학교,사립,N,N,N,Y,N,N
동북아,일본,교토외국어대학교,사립,N,N,N,Y,N,N
동북아,일본,교토조형예술대학교,사립,N,N,N,Y,N,N
동북아,일본,교토첨단과학대학교,사립,N,N,N,Y,N,N
동북아,일본,교토타치바나대학교,사립,N,N,N,Y,N,N
동북아,일본,구루메공업대학교,사립,N,N,N,Y,N,N
동북아,일본,구루메대학교,사립,N,N,N,Y,N,N
서남아,인도,구르가온아미티대학교,,N,N,N,Y,N,N
동북아,일본,구마모토대학교,국립,N,N,N,Y,N,N
동북아,일본,구마모토학원대학교,사립,Y,Y,Y,N,Y,N
동북아,일본,구마모토현립대학교,국립,N,N,N,Y,N,N
동북아,일본,구시로공립대학교,국립,N,N,N,Y,N,N
동북아,중국,구이린여행학원,국립,Y,N,N,N,Y,N
동북아,중국,구이후직업기술학원,사립,N,N,N,Y,N,N
동북아,대만,국립가오슝대학교,국립,Y,N,N,N,Y,N
동북아,대만,국립교통대학교,국립,N,N,N,Y,N,N
중미카리브,코스타리카,국립기술대학교(UTN),국립,N,N,N,Y,N,N
동북아,대만,국립대만대학교,,N,N,N,Y,N,N
동북아,대만,국립대만예술대학교,국립,N,N,N,Y,N,N
동북아,대만,국립대만체육운동대학교,국립,N,N,N,Y,N,N
서유럽,프랑스,국립동양어문명연구소(INALCO),국립,Y,Y,Y,N,N,N
동남아,캄보디아,국립바탐방대학교,국립,Y,N,N,Y,N,N
동북아,대만,국립연합대학교,국립,N,N,N,Y,N,N
서남아,인도,국립인도외국어대학교(EFLU),국립,Y,N,N,N,N,N
동북아,대만,국립자이대학교,국립,N,N,N,Y,N,N
동북아,대만,국립정치대학교,국립,Y,Y,N,N,Y,N
동북아,대만,국립청화대학,국립,N,N,N,Y,N,N
동북아,대만,국립타이베이교육대학교,국립,N,N,N,Y,N,N
동북아,대만,국립타이베이예술대학교,국립,N,N,N,Y,N,N
유라시아,러시아,국립해양대학교,기타,N,N,N,Y,N,N
동북아,대만,국방대학정치작전학원,사립,N,N,N,Y,N,N
동남아,인도네시아,국방어학원,기타,N,N,N,Y,N,N
동북아,일본,국제교양대학교,사립,N,N,N,Y,N,N
동남아,말레이시아,국제교육컬리지,사립,N,N,N,Y,N,N
동북아,일본,국제기독교대학교,사립,N,N,N,Y,N,N
유라시아,키르기스스탄,국제슬라브대학교 비쉬케크캠퍼스,기타,N,N,N,Y,N,N
유라시아,카자흐스탄,국제아이티(IT)대학교,국립,N,N,N,Y,N,N
유라시아,키르기스스탄,국제아타튀르크알라투대학교,사립,N,N,N,Y,N,N
동북아,일본,국학원대학교,사립,N,N,N,Y,N,N
동북아,일본,군마대학교,국립,N,N,N,Y,N,N
동북아,일본,군마현립여자대학,국립,N,N,N,Y,N,N
동북아,일본,규슈공업대학교,국립,N,N,N,Y,N,N
동북아,일본,규슈국제대학교,사립,N,N,N,Y,N,N
동북아,일본,규슈대학교,국립,Y,Y,Y,N,Y,N
동북아,일본,규슈루테란학원대학교,사립,N,N,N,Y,N,N
동북아,일본,규슈보건복지대학교,사립,N,N,N,Y,N,N
동북아,일본,규슈산업대학교,사립,N,N,N,Y,N,N
동북아,일본,규슈여자대학교,사립,N,N,N,Y,N,N
동북아,일본,규슈영양복지대학교,사립,N,N,N,Y,N,N
동북아,일본,규슈정보대학교,사립,N,N,N,Y,N,N
동북아,일본,규슈치과대학교,국립,N,N,N,Y,N,N
서유럽,프랑스,그르노블알프스대학교,국립,N,N,N,Y,N,N
대양주,호주,그리피스대학교,국립,Y,N,N,N,N,N
유라시아,러시아,극동국립수산공과대학교,기타,N,N,N,Y,N,N
유라시아,러시아,극동연방대학교,국립,Y,Y,Y,N,Y,N
동북아,일본,기타큐슈시립대학교,국립,N,N,N,Y,N,N
동북아,일본,기후대학교,국립,N,N,N,Y,N,N
동북아,일본,기후의료과학대학,사립,N,N,N,Y,N,N
동북아,일본,기후현립간호대학교,국립,N,N,N,Y,N,N
동북아,일본,긴조학원대학교,사립,N,N,N,Y,N,N
동북아,일본,긴키대학교,사립,N,N,N,Y,N,N
동북아,중국,길림경찰학원,,Y,N,N,N,N,N
동북아,중국,길림농업과기학원,,Y,N,N,N,N,N
동북아,중국,길림대학교,국립,Y,Y,N,N,Y,N
동북아,중국,길림대학교 주하이대학원,사립,Y,N,N,Y,Y,N
동북아,중국,길림사범대학교,,Y,N,N,Y,Y,N
동북아,중국,길림사법경관직업학원,,N,N,N,Y,N,N
동북아,중국,길림재경대학교,국립,Y,Y,N,N,N,N
동북아,중국,길림전자정보직업기술학원,,Y,N,N,N,N,N
동북아,중국,길림화교외국어학원,사립,Y,Y,N,N,N,N
유라시아,우즈베키스탄,김요대학교(KIUT),사립,Y,N,N,Y,N,N
동남아,태국,까셋삿대학교,국립,N,N,N,Y,N,N
동남아,태국,깜팽펫라차팟대학교,국립,N,N,N,Y,N,N
동남아,베트남,껀터대학교,기타,N,N,N,Y,N,N
동북아,일본,나가노대학교,국립,N,N,N,Y,N,N
동북아,일본,나가사키국제대학교,사립,N,N,N,Y,N,N
동북아,일본,나가사키대학교,국립,N,N,N,Y,N,N
동북아,일본,나가사키외국어대학교,사립,Y,N,N,N,N,N
동북아,일본,나가사키웨슬리안대학교,사립,N,N,N,Y,N,N
동북아,일본,나가사키준신대학교,사립,N,N,N,Y,N,N
동북아,일본,나가오카대학교,기타,N,N,N,Y,N,N
동북아,일본,나고야경제대학교,,N,N,N,Y,N,N
동북아,일본,나고야단기대학교,사립,N,N,N,Y,N,N
동북아,일본,나고야대학교,국립,N,N,N,Y,N,N
동북아,일본,나고야미즈호대학교,사립,N,N,N,Y,N,N
동북아,일본,나고야상과대학교,사립,N,N,N,Y,N,N
동북아,일본,나고야여자대학교,사립,N,N,N,Y,N,N
동북아,일본,나고야외국어대학교,사립,N,N,N,Y,N,N
동북아,일본,나고야학원대학교,사립,N,N,N,Y,N,N
동북아,일본,나라대학교,기타,N,N,N,Y,N,N
동북아,일본,나라여자대학교,,N,N,N,Y,N,N
동남아,태국,나레수안대학교,국립,Y,N,N,N,Y,N
유라시아,키르기스스탄,나린국립대학교,국립,N,N,N,Y,N,N
동남아,인도네시아,나시오날대학교(UNAS),사립,Y,N,N,N,N,N
중미카리브,멕시코,나야리트자치대학교,국립,Y,N,N,Y,N,N
아프리카,케냐,나이로비대학교,국립,Y,N,N,N,N,N
유라시아,카자흐스탄,나자르바예프 대학교,국립,N,N,N,Y,N,Y
동북아,일본,나카무라학원대학교,사립,N,N,N,Y,N,N
동남아,베트남,나트랑 태평양대학교,,Y,N,N,N,Y,N
서유럽,이탈리아,나폴리동양학대학교,국립,Y,Y,Y,Y,Y,N
중유럽,아제르바이잔,나흐치반국립대학교,국립,N,N,N,Y,N,N
동남아,싱가포르,난양공과대학교,국립,N,N,N,Y,N,N
동남아,싱가포르,난양폴리테크닉,국립,N,N,N,Y,N,N
동북아,일본,난잔대학교,사립,N,N,N,Y,N,N
동북아,중국,난징공업직업기술학원,국립,N,N,N,Y,N,N
동북아,중국,난징대학교,국립,Y,Y,Y,N,Y,N
동북아,중국,난징사범대학교,국립,Y,Y,N,N,Y,N
동북아,중국,난징여유직업학원,,Y,N,N,N,N,N
동북아,중국,난징정보직업기술학원,,N,N,N,Y,N,N
동북아,중국,난징특수교육사범대학교,,Y,N,N,N,N,N
동북아,중국,난창공정학원,,Y,N,N,N,N,N
동북아,중국,난창이공학원,,N,N,N,Y,N,N
동북아,중국,난카이대학교,국립,Y,Y,Y,Y,N,N
동북아,중국,난통이공학원,,N,N,N,Y,N,N
동북아,중국,난통직업대학교,국립,N,N,N,Y,N,N
동북아,대만,난화대학교,사립,N,N,N,Y,N,N
서남아,인도,날란다대학교,기타,N,N,N,Y,N,N
대양주,호주,남호주대학교,국립,N,N,N,Y,N,N
서유럽,프랑스,낭트 생나제르 예술대학교,,Y,N,N,Y,N,N
서유럽,프랑스,낭트대학교,국립,N,N,N,Y,N,N
동북아,중국,내몽고경무외국어직업학원,사립,Y,N,N,N,N,N
북미,미국,노던일리노이대학교,국립,Y,N,N,N,N,N
유라시아,러시아,노보시비르스크국립공과대학교,기타,N,N,N,Y,N,N
유라시아,러시아,노보시비르스크국립대학교,국립,Y,Y,Y,Y,N,N
유라시아,러시아,노브고로드국립대학교,기타,N,N,N,Y,N,N
동북아,일본,노스아시아대학교,사립,N,N,N,Y,N,N
북미,미국,노스웨스턴대학교,사립,Y,N,N,Y,N,N
북미,미국,노스이스턴일리노이대학교,국립,Y,N,N,Y,Y,N
북미,미국,노스조지아대학교,,Y,N,N,N,N,N
북미,미국,노스캐롤라이나대학교 채플힐캠퍼스,국립,Y,N,N,Y,N,N
북미,미국,노스텍사스대학교,국립,N,N,N,Y,N,N
북미,미국,노트르담대학교,국립,N,N,N,Y,N,N
동남아,말레이시아,노팅엄대학교 말레이시아캠퍼스,기타,N,N,N,Y,N,N
중미카리브,멕시코,누에보레온자치대학교,국립,N,N,N,Y,Y,N
유라시아,우즈베키스탄,누쿠스국립사범대학교,,Y,N,N,Y,N,N
서유럽,포르투갈,뉴리스본대학교,국립,N,N,N,Y,N,N
대양주,호주,뉴사우스웨일스대학교(UNSW),국립,Y,Y,Y,Y,N,N
북미,미국,뉴욕대학교(NYU),사립,Y,N,N,N,Y,N
북미,미국,뉴욕시립대학교(CUNY) 퀸즈칼리지,국립,Y,N,N,Y,N,N
북미,미국,뉴욕주립대학교 버팔로캠퍼스,국립,N,N,N,Y,N,N
북미,미국,뉴욕주립대학교 빙햄턴캠퍼스,국립,Y,Y,N,Y,N,N
북미,미국,뉴욕주립대학교 스토니브룩캠퍼스,국립,Y,N,N,N,N,N
북미,미국,뉴욕주립대학교 올버니캠퍼스,국립,Y,N,N,N,Y,N
서유럽,영국,뉴캐슬대학교,국립,N,N,N,Y,N,N
동북아,일본,니가타경영대학교,사립,N,N,N,Y,N,N
동북아,일본,니가타공과대학교,사립,N,N,N,Y,N,N
동북아,일본,니가타국제정보대학교,사립,N,N,N,Y,N,N
동북아,일본,니가타대학교,국립,N,N,N,Y,N,N
동북아,일본,니가타산업대학교,기타,N,N,N,Y,N,N
동북아,일본,니가타의료복지대학교,사립,N,N,N,Y,N,N
동북아,일본,니가타현립대학교,국립,Y,N,N,N,N,N
동북아,일본,니쇼가쿠샤대학교,사립,Y,N,N,N,Y,N
동북아,일본,니시규슈대학교,사립,N,N,N,Y,N,N
동북아,일본,니시니혼공업대학교,사립,N,N,N,Y,N,N
중유럽,세르비아,니시대학교,국립,N,N,N,Y,N,N
동남아,싱가포르,니안폴리테크닉,국립,N,N,N,Y,N,N
중미카리브,니카라과,니카라과국립대학교 마나과캠퍼스,국립,N,N,N,Y,N,N
동남아,베트남,다낭외국어대학교,국립,Y,N,N,N,N,N
동북아,중국,다롄민족대학교,,Y,N,N,N,N,N
동북아,중국,다롄번역직업학원,,Y,N,N,N,N,N
동북아,중국,다롄상무직업학원,,Y,N,N,N,N,N
동북아,중국,다롄예술학원,,Y,N,N,N,N,N
동북아,중국,다롄외국어대학교,,Y,Y,N,N,N,Y
동북아,중국,다롄직업기술학원,,Y,N,N,N,N,N
아프리카,탄자니아,다르에스살람대학교,국립,N,N,N,Y,N,N
동북아,몽골,다르항대학교,사립,N,N,N,Y,N,N
동북아,일본,다이세이학원대학교,사립,N,N,N,Y,N,N
동북아,일본,다이쇼대학교,사립,N,N,N,Y,N,N
동북아,일본,다이이치공업대학교,사립,N,N,N,Y,N,N
동북아,일본,다이토문화대학교,기타,N,N,N,Y,N,N
서남아,방글라데시,다카대학교,국립,N,N,N,Y,N,N
아프리카,세네갈,다카르경영대학교,사립,N,N,N,Y,Y,Y
동북아,일본,다카사키건강복지대학,사립,N,N,N,Y,N,N
동북아,일본,다카사키상과대학,기타,N,N,N,Y,N,N
동북아,일본,다카사키시립경제대학교,국립,N,N,N,Y,N,N
동북아,일본,다쿠쇼쿠대학교,사립,N,N,N,Y,N,N
북미,미국,다트머스칼리지,사립,Y,N,N,Y,N,N
동남아,베트남,달랏대학교,국립,Y,N,N,N,N,N
동북아,대만,담강대학교,사립,N,N,N,Y,N,N
동북아,중국,대외경제무역대학교,국립,Y,N,N,Y,N,N
북미,미국,댈러스칼리지 브룩헤이븐,국립,N,N,N,Y,N,N
서유럽,영국,더럼대학교,국립,N,N,N,Y,N,N
서유럽,아일랜드,더블린공과대학교,국립,N,N,N,Y,N,N
서유럽,아일랜드,더블린트리티니칼리지,기타,N,N,N,Y,N,N
중유럽,헝가리,데브레첸서머대학교,기타,N,N,N,Y,N,N
동북아,일본,데이쿄대학교,사립,Y,N,N,N,N,N
동북아,일본,데즈카야마학원대학,사립,Y,N,N,N,N,N
동북아,일본,덴리대학교,사립,Y,N,N,N,N,N
북미,미국,덴버대학교,사립,N,N,N,Y,N,N
동북아,일본,덴엔초후학원대학교,사립,N,N,N,Y,N,N
북미,미국,델라웨어대학교,국립,N,N,N,Y,N,N
서남아,인도,델리대학교,국립,Y,Y,Y,Y,N,N
북미,캐나다,도슨칼리지,국립,N,N,N,Y,N,N
동북아,일본,도시샤대학교,사립,Y,Y,N,N,N,N
동북아,일본,도시샤여자대학교,사립,N,N,N,Y,N,N
동북아,일본,도야마국제대학교,국립,Y,N,N,Y,N,N
동북아,일본,도야마대학교,국립,Y,N,N,N,N,N
동북아,일본,도요대학교,사립,N,N,N,Y,N,N
동북아,일본,도카이대학교,사립,N,N,N,Y,Y,N
동북아,일본,도카이학원대학교,사립,N,N,N,Y,N,N
동북아,일본,도쿄가쿠게이대학,국립,N,N,N,Y,N,N
동북아,일본,도쿄경제대학교,사립,N,N,N,Y,N,N
동북아,일본,도쿄국제대학교,사립,N,N,N,Y,N,N
동북아,일본,도쿄기독교대학교,사립,N,N,N,Y,N,N
동북아,일본,도쿄농업대학교,사립,N,N,N,Y,N,N
동북아,일본,도쿄대학교,국립,Y,Y,Y,N,Y,N
동북아,일본,도쿄도립대학교,,N,N,N,Y,N,N
동북아,일본,도쿄도시대학교,사립,N,N,N,Y,N,N
동북아,일본,도쿄세이토쿠대학교,사립,N,N,N,Y,N,N
동북아,일본,도쿄여자대학교,,N,N,N,Y,N,N
동북아,일본,도쿄외국어대학교,국립,Y,Y,Y,Y,N,N
동북아,일본,도쿄이과대학교,사립,N,N,N,Y,N,N
동북아,일본,도쿄정보대학교,사립,N,N,N,Y,N,N
동북아,일본,도쿄조형대학교,사립,N,N,N,Y,N,N
동북아,일본,도쿄준신대학교,사립,N,N,N,Y,N,N
동북아,일본,도쿄치과대학,사립,N,N,N,Y,N,N
동북아,일본,도쿄해양대학교,국립,N,N,N,Y,N,N
동북아,일본,도쿠시마문리대학교,사립,N,N,N,Y,N,N
동북아,일본,도키와대학교,사립,N,N,N,Y,N,N
동북아,일본,도호대학교,사립,N,N,N,Y,N,N
동북아,일본,도호쿠공익문과대학교,사립,N,N,N,Y,N,N
동북아,일본,도호쿠대학교,국립,N,N,N,Y,N,N
동북아,일본,도호쿠문화학원대학교,사립,Y,Y,N,Y,N,N
동북아,일본,도호쿠복지대학,사립,N,N,N,Y,N,N
동북아,일본,도호쿠예술공과대학교,사립,N,N,N,Y,N,N
동북아,일본,도호쿠학원대학교,,N,N,N,Y,N,N
동북아,일본,돗쿄대학교,사립,N,N,N,Y,N,N
동북아,일본,돗토리공립환경대학교,국립,N,N,N,Y,N,N
동북아,일본,돗토리대학교,국립,N,N,N,Y,N,N
동남아,베트남,동나이기술대학교,사립,Y,N,N,N,N,N
동북아,중국,동베이사범대학교,,Y,N,N,N,N,N
동남아,베트남,동아대학교,사립,Y,N,N,N,Y,N
동북아,일본,동아시아대학,사립,N,N,N,Y,N,N
동북아,대만,동오대학교,국립,N,N,N,Y,N,N
유라시아,카자흐스탄,동카자흐스탄국립대학교,,N,N,N,Y,N,N
동남아,동티모르,동티모르국립대학교,국립,N,N,N,Y,N,N
동남아,인도네시아,두타와카나크리스천대학교,사립,N,N,N,Y,Y,N
동북아,중국,둥관이공학원,국립,Y,N,N,N,N,N
중유럽,독일,뒤스부르크-에센대학교,국립,Y,Y,Y,Y,Y,N
북미,미국,뒤파제칼리지,국립,N,N,N,Y,N,N
북미,미국,듀크대학교,사립,Y,N,N,Y,N,N
북미,미국,디안자칼리지,국립,Y,N,N,N,N,N
남미,칠레,디에고포르탈레스대학교,사립,N,N,N,Y,N,N
북미,미국,디트로이트머시대학교,사립,N,N,N,Y,N,N
동남아,인도네시아,디포느고로대학교,기타,N,N,N,Y,N,N
서유럽,프랑스,라로셸대학교,국립,Y,Y,N,N,N,N
서유럽,스페인,라스팔마스그란카나리아대학교,국립,N,N,N,Y,N,N
동남아,라오스,라오스국립대학교,국립,Y,N,N,N,N,N
동북아,중국,라오양직업기술학원,,Y,N,N,N,N,N
동남아,라오스,라오코리아칼리지,기타,N,N,N,Y,N,N
남미,파라과이,라울뻬냐국립교원대학교(INAES),,Y,N,N,N,N,N
북미,미국,라이스대학교,사립,Y,N,N,Y,N,N
동남아,필리핀,라이시움대학교,사립,N,N,N,Y,N,N
동남아,캄보디아,라이프대학교,사립,Y,N,N,N,Y,N
중유럽,독일,라이프치히대학교,국립,N,N,N,Y,Y,N
중유럽,독일,라인마인응용과학대학교,국립,N,N,N,Y,N,N
서남아,인도,라자기리칼리지,사립,Y,N,N,N,N,N
동남아,태국,라차망칼라기술대학교 따왁억캠퍼스,국립,Y,N,N,Y,N,N
동남아,태국,라차망칼라기술대학교 이산캠퍼스,기타,N,N,N,Y,N,N
서유럽,라트비아,라트비아대학교,국립,Y,Y,N,N,N,N
남미,아르헨티나,라플라타국립대학교(UNLP),국립,N,Y,Y,Y,Y,Y
동남아,베트남,락홍대학교,사립,Y,N,N,Y,Y,N
동남아,태국,람캄행대학교,국립,Y,N,N,N,N,N
동남아,인도네시아,람풍망쿠랏대학교,국립,N,N,N,Y,N,N
동북아,중국,랑팡직업기술학원,,N,N,N,Y,N,N
동북아,중국,랴오닝기전직업기술학원,,Y,N,N,N,N,N
동북아,중국,랴오닝대학교,국립,Y,Y,Y,N,N,N
동북아,중국,랴오닝사범대학교,국립,Y,N,N,N,N,N
동북아,중국,랴오닝지질공정직업학원,,Y,N,N,N,N,N
동북아,중국,랴오동학원,국립,Y,N,N,N,N,N
동북아,중국,랴오청대학 동창학원,,Y,N,N,N,N,N
동북아,중국,랴오청대학교,국립,Y,N,N,N,N,N
유라시아,러시아,러시아 국민경제국가행정아카데미(RANEPA),,N,N,N,Y,N,N
유라시아,러시아,러시아게르첸국립사범대학교,기타,Y,N,N,N,N,N
유라시아,러시아,러시아과학아카데미,기타,N,N,N,Y,N,N
유라시아,러시아,러시아국립고등경제연구대학교,국립,Y,N,N,N,N,N
유라시아,러시아,러시아국립사회대학교,국립,N,N,N,Y,N,N
유라시아,러시아,러시아국립인문대학교,국립,Y,N,N,N,N,N
유라시아,러시아,러시아외무부외교아카데미,국립,Y,N,N,N,N,N
서유럽,영국,런던경영대학원,기타,N,N,N,Y,N,N
서유럽,영국,런던정치경제대학교,국립,N,N,N,Y,N,N
북미,미국,럿거스대학교 뉴브런즈윅캠퍼스,국립,Y,Y,N,N,N,N
중유럽,독일,레겐스부르크대학교,국립,N,N,N,Y,N,N
서유럽,네덜란드,레이던대학교,국립,Y,Y,Y,Y,Y,N
서유럽,영국,레이체스트대학교,국립,N,N,N,Y,N,N
동북아,일본,레이타쿠대학교,사립,N,N,N,Y,N,N
동북아,중국,롄윈강사범고등전과학원,,Y,N,N,N,N,N
동북아,중국,롄윈강직업기술학원,,Y,N,N,N,N,N
동남아,라오스,로고스칼리지,기타,N,N,N,Y,N,N
서유럽,이탈리아,로마 라사피엔차대학교,국립,Y,Y,Y,Y,N,N
유라시아,러시아,로모노소프모스크바국립대학교,국립,Y,Y,Y,N,N,N
중미카리브,콜롬비아,로사리오대학교(UROSARIO),사립,N,N,N,Y,N,N
북미,미국,로스앤젤레스시티칼리지,국립,N,N,N,Y,N,N
유라시아,러시아,로스토프국립경제대학교,,Y,N,N,N,N,N
서유럽,네덜란드,로테르담응용과학대학교,기타,N,N,N,Y,N,N
동북아,중국,루둥대학교,국립,Y,N,N,N,N,N
중유럽,루마니아,루마니아-아메리카대학교(RAU),사립,N,N,N,Y,Y,N
서유럽,벨기에,루벤가톨릭대학교,기타,N,N,N,Y,N,N
서유럽,이탈리아,루이스귀도카를리대학교,사립,N,N,N,Y,N,N
동북아,일본,루테란학원대학교,사립,N,N,N,Y,N,N
서유럽,스웨덴,룬드대학교,국립,N,N,N,Y,N,N
중유럽,슬로베니아,류블랴나대학교,국립,Y,Y,Y,Y,Y,Y
동북아,일본,류쓰경제대학교,사립,N,N,N,Y,N,N
동북아,일본,류코쿠대학교,사립,N,N,N,Y,N,N
동북아,일본,류큐대학교,국립,N,N,N,Y,N,N
서유럽,프랑스,르아브르노르망디대학교,국립,N,Y,N,N,N,N
서유럽,라트비아,리가공과대학,국립,N,N,N,Y,N,N
남미,페루,리마대학교,사립,N,N,N,Y,N,N
서유럽,영국,리버풀대학교,국립,N,N,N,Y,N,N
서유럽,포르투갈,리스본대학교,국립,N,N,N,Y,N,N
동북아,일본,리쓰메이칸대학교,사립,Y,Y,Y,N,Y,N
동북아,일본,리쓰메이칸아시아태평양대학교,사립,N,N,N,Y,N,N
서유럽,프랑스,리옹2대학교,,Y,N,N,Y,N,N
서유럽,프랑스,리옹3대학교,국립,Y,Y,N,Y,Y,N
북미,미국,리워드커뮤니티칼리지,국립,Y,N,N,N,N,N
서유럽,영국,리즈대학교,국립,N,N,N,Y,N,N
동북아,중국,린이대학교,국립,Y,N,N,N,N,N
동북아,일본,릿쇼대학교,사립,N,N,N,Y,N,N
동북아,일본,릿쿄대학교,사립,N,N,N,Y,N,N
동북아,중국,링난대학교,국립,Y,N,N,N,N,N
동북아,대만,링동과기대학교,사립,N,N,N,Y,N,N
서남아,인도,마가드대학교,국립,N,N,N,Y,N,N
중동,튀니지,마누바대학교,국립,N,N,N,Y,N,N
서남아,인도,마니푸르대학교,국립,Y,Y,N,N,N,N
서남아,인도,마드라스크리스천칼리지,국립,Y,N,N,Y,N,N
서유럽,스페인,마드리드자치대학교,국립,N,N,N,Y,N,N
서유럽,스페인,마드리드콤플루텐세대학교,국립,Y,N,N,Y,N,N
남미,아르헨티나,마르델플라타국립대학교,국립,N,N,N,Y,N,N
동북아,일본,마쓰모토대학 마츠쇼단기대학부,기타,N,N,N,Y,N,N
동북아,일본,마쓰모토대학교,사립,N,N,N,Y,N,N
동북아,일본,마쓰야마대학교,사립,N,N,N,Y,N,N
동북아,일본,마쓰야마시노노메여자대학교,사립,N,N,N,Y,N,N
북미,미국,마운트홀리요크칼리지,사립,Y,N,N,Y,N,N
동북아,중국,마카오대학교,국립,N,N,N,Y,N,N
아프리카,우간다,마케레레대학교,국립,N,N,N,Y,N,Y
동남아,태국,마하사라캄대학교,국립,Y,N,N,Y,N,N
동남아,미얀마,만달레이외국어대학교,국립,Y,Y,N,N,N,N
서유럽,스페인,말라가대학교,국립,Y,N,N,N,N,N
동남아,말레이시아,말라리아국립대학교,국립,N,N,N,Y,N,N
동남아,말레이시아,말라야대학교,국립,Y,Y,Y,N,N,N
동남아,말레이시아,말레이시아 멀티미디어대학교,사립,N,N,N,Y,N,N
동남아,말레이시아,말레이시아과학대학교,국립,N,N,N,Y,N,N
동남아,말레이시아,말레이시아기술대학교,국립,N,N,N,Y,N,N
동남아,말레이시아,말레이시아우타라대학교,국립,N,N,N,Y,N,N
동남아,말레이시아,말레이시아툰후세인온대학교,국립,N,N,N,Y,N,N
동남아,말레이시아,말레이시아펠리스대학교,국립,N,N,N,Y,N,N
동남아,말레이시아,말레이시아푸트라대학교,국립,N,N,N,Y,N,N
북미,캐나다,매니토바대학교,국립,N,N,N,Y,N,N
북미,미국,매사추세츠공과대학교(MIT),,N,N,N,Y,N,N
북미,미국,매사추세츠대학교(UMass),국립,N,N,N,Y,N,N
동남아,태국,매파루앙대학교,국립,Y,Y,N,N,N,N
북미,캐나다,맥길대학교,국립,Y,Y,Y,Y,Y,N
대양주,호주,맥쿼리대학교,국립,N,N,N,Y,N,N
서유럽,영국,맨체스터대학교,기타,N,N,N,Y,N,N
북미,미국,메릴랜드대학교 볼티모어카운티캠퍼스,국립,Y,N,N,Y,N,N
북미,미국,메릴랜드대학교 칼리지파크캠퍼스,국립,Y,N,N,N,N,N
동북아,일본,메이세이대학교,사립,N,N,N,Y,N,N
동북아,일본,메이오대학교,국립,N,N,N,Y,N,N
동북아,일본,메이조대학,사립,N,N,N,Y,N,N
동북아,일본,메이지대학교,사립,N,N,N,Y,N,N
동북아,일본,메이지학원대학교,사립,N,N,N,Y,N,N
동북아,일본,메이카이대학교,사립,N,N,N,Y,N,N
북미,미국,메인대학교,국립,N,N,N,Y,N,N
동북아,일본,메지로대학교,사립,Y,N,N,N,N,N
중유럽,체코,메트로폴리탄대학교,사립,N,Y,N,N,N,N
중미카리브,멕시코,메트로폴리탄자치대학교(UAM),국립,N,N,N,Y,N,N
중미카리브,멕시코,멕시코국립자치대학교(UNAM),국립,N,N,N,Y,N,N
중미카리브,멕시코,멕시코대학교,,N,N,N,Y,N,N
대양주,호주,멜버른대학교,국립,Y,N,N,N,N,N
대양주,호주,모나시대학교,국립,Y,Y,Y,Y,N,N
동북아,일본,모모야마학원대학교,사립,N,N,N,Y,N,N
유라시아,러시아,모스크바국립국제관계대학교,국립,Y,Y,Y,N,N,N
유라시아,러시아,모스크바물리기술대학교,국립,N,N,N,Y,N,N
유라시아,러시아,모스크바언어대학교,국립,Y,N,N,Y,N,N
중동,모로코,모하메드5세대학교 라바트캠퍼스,국립,N,N,N,Y,N,N
북미,미국,몬터레이국제학대학교원,사립,N,N,N,Y,N,N
중미카리브,멕시코,몬테레이공과대학교,사립,N,N,N,Y,N,N
중미카리브,멕시코,몬테레이대학교(UDEM),사립,N,N,N,Y,N,N
북미,캐나다,몬트리올대학교,국립,N,N,N,Y,N,N
중유럽,몰도바,몰도바과학대학교,기타,N,N,N,Y,N,N
중유럽,몰도바,몰도바기술어학전문학교,기타,N,N,N,Y,N,N
중유럽,몰도바,몰도바자유국제대학교,사립,N,N,N,Y,N,N
동북아,몽골,몽골국립과학기술대학교,국립,Y,Y,Y,Y,N,N
동북아,몽골,몽골국립교육대학교,국립,Y,Y,Y,N,N,N
동북아,몽골,몽골국립국방대학교,국립,N,N,N,Y,N,N
동북아,몽골,몽골국립대학교,국립,Y,Y,Y,N,N,N
동북아,몽골,몽골국제대학교,사립,N,N,N,Y,N,N
동북아,몽골,몽골생명과학대학교,국립,Y,N,N,N,N,N
동북아,몽골,몽골인문대학교,사립,Y,Y,Y,Y,N,N
동북아,중국,무단장대학교,국립,Y,N,N,N,N,N
동북아,중국,무단장사범대학교,국립,Y,N,N,N,N,N
동남아,인도네시아,무리아쿠두스대학교,,N,N,N,Y,N,N
동북아,일본,무사시노대학교,기타,N,N,N,Y,N,N
동북아,일본,무사시노미술대학교,기타,N,N,N,Y,N,N
동북아,일본,무사시대학교,사립,N,N,N,Y,N,N
동북아,일본,무코가와여자대학교,사립,N,N,N,Y,N,N
동북아,일본,문화학원대학교,사립,N,N,N,Y,N,N
중동,모로코,물레이이스마일대학교,기타,N,N,N,Y,N,N
중유럽,독일,뮌헨공과대학교,국립,N,N,N,Y,N,N
중유럽,독일,뮌헨루트비히막시밀리안대학교,국립,N,N,N,Y,N,N
북미,미국,미국 국방언어원,국립,Y,N,N,N,N,N
북미,미국,미국 조지아주립대학교,국립,N,N,N,Y,Y,N
남미,브라질,미나스제라이스연방대학교,국립,N,N,N,Y,N,N
북미,미국,미네소타대학교,국립,Y,Y,Y,Y,N,N
북미,미국,미들베리칼리지,사립,Y,Y,Y,Y,N,N
북미,미국,미시간대학교,국립,Y,N,N,N,N,N
북미,미국,미시간주립대학교,국립,N,N,N,Y,N,N
북미,미국,미시시피대학교,국립,Y,N,N,N,N,N
동북아,일본,미야기교육대학교,국립,N,N,N,Y,N,N
동북아,일본,미야기대학교,국립,N,N,N,Y,N,N
동북아,일본,미야기학원여자대학교,사립,N,N,N,Y,N,N
동북아,일본,미야자키공립대학교,국립,N,N,N,Y,N,N
동북아,일본,미야자키국제대학교,사립,N,N,N,Y,N,N
동북아,일본,미야자키대학교,국립,N,N,N,Y,N,N
동북아,일본,미야자키산업경영대학교,사립,N,N,N,Y,N,N
동북아,일본,미야자키현립간호대학교,국립,N,N,N,Y,N,N
동북아,일본,미에대학교,국립,N,N,N,Y,N,N
북미,미국,미주리대학교,국립,Y,N,N,N,Y,N
중유럽,벨라루스,민스크국립언어대학교,국립,Y,N,N,N,N,Y
서유럽,이탈리아,밀라노대학교,국립,Y,N,N,Y,Y,N
동북아,대만,밍다오대학교,국립,N,N,N,Y,N,N
중동,이라크,바그다드대학교,국립,N,Y,N,N,N,N
서남아,인도,바나라스힌두대학교,국립,N,N,N,Y,N,N
북미,미국,바드대학교,사립,N,N,N,Y,N,N
중유럽,폴란드,바르샤바대학교,국립,Y,Y,N,N,N,N
서유럽,스페인,바르셀로나자치대학교,국립,Y,N,N,N,Y,N
중동,이스라엘,바르일란대학교,국립,Y,N,N,Y,N,N
동남아,베트남,바리어붕따우대학교,사립,N,N,N,Y,N,N
중유럽,루마니아,바베스보여이대학교,국립,Y,N,N,Y,N,N
북미,미국,바사칼리지,사립,N,N,N,Y,N,N
중동,이라크,바스라대학교,국립,N,N,N,Y,N,N
유라시아,러시아,바시키르국립대학교,국립,Y,Y,N,N,N,N
동북아,중국,바오지문리학원,국립,N,N,N,Y,N,N
동북아,중국,바오터우경공직업기술학원,,Y,N,N,N,N,N
중유럽,독일,바이로이트대학교,국립,N,N,N,Y,N,N
유라시아,러시아,바이칼국립대학교,,N,N,N,Y,N,N
동북아,일본,바이코학원대학교,사립,N,N,N,Y,N,N
중유럽,아제르바이잔,바쿠공학대학교,국립,Y,N,N,Y,N,N
중유럽,아제르바이잔,바쿠국립대학교,국립,Y,N,N,N,N,N
동남아,베트남,박장산업기술전문대학교,,Y,N,N,N,N,N
동남아,인도네시아,반둥기술대학교,기타,N,N,N,Y,N,N
동남아,베트남,반랑대학교,사립,Y,N,N,N,N,N
동남아,베트남,반히엔대학교,사립,Y,N,N,Y,N,N
남미,브라질,발리두히우두스시누스대학교(UNISINOS),사립,N,N,N,Y,N,N
서남아,인도,방갈로르대학교,국립,N,N,N,Y,N,N
북미,미국,밴더빌트대학교,사립,Y,N,N,Y,Y,N
북미,미국,버지니아대학교,국립,Y,Y,N,Y,N,N
서유럽,영국,버크백런던대학교,국립,N,N,N,Y,N,N
서유럽,영국,버킹엄대학교,사립,N,N,N,Y,N,N
중미카리브,베네수엘라,베네수엘라 안디나시몬볼리바르대학교,국립,Y,N,N,N,N,N
중미카리브,베네수엘라,베네수엘라센트럴대학교,국립,N,N,N,Y,N,N
서유럽,이탈리아,베네치아카포스카리대학교,국립,Y,Y,Y,N,N,N
중유럽,독일,베를린자유대학교,국립,Y,Y,Y,N,N,N
중유럽,세르비아,베오그라드대학교,국립,N,N,N,Y,Y,N
동북아,중국,베이징대학교,국립,Y,Y,Y,Y,N,N
동북아,중국,베이징어언대학교,국립,Y,Y,Y,N,N,N
동북아,중국,베이징외국어대학교,국립,Y,Y,Y,N,N,N
동북아,중국,베이징제2외국어학원,국립,Y,Y,Y,N,Y,N
동북아,중국,베이화대학교,,Y,N,N,N,N,N
북미,미국,베일러대학교,사립,Y,N,N,Y,N,N
동남아,베트남,베일외국어기술전문대학교,국립,Y,N,N,N,N,N
동남아,베트남,베트남 외교아카데미,국립,N,N,N,Y,N,N
동남아,베트남,베트남국립경제대학교,국립,N,N,N,Y,N,N
동남아,베트남,베트남사회과학원,국립,N,N,N,Y,N,N
중유럽,벨라루스,벨라루스국립대학교,국립,Y,Y,Y,N,N,Y
중유럽,불가리아,벨리코터르노보대학교,,N,Y,N,N,Y,N
북미,미국,벨뷰칼리지,국립,N,N,N,Y,N,N
서유럽,영국,벨파스트퀸스대학교,국립,N,N,N,Y,N,N
서유럽,프랑스,벨포르-몽벨리아르공과대학교(UTBM),국립,N,N,N,Y,N,N
동북아,일본,벳푸대학교,사립,N,N,N,Y,N,N
동북아,일본,보건의료경영대학,사립,N,N,N,Y,N,N
서유럽,프랑스,보르도몽테뉴대학교,국립,N,N,N,Y,N,N
북미,미국,보스턴대학교,사립,Y,N,N,Y,N,N
북미,미국,보스턴칼리지,사립,N,N,N,Y,N,N
중유럽,튀르키예,보아지치대학교,국립,N,Y,N,Y,N,N
북미,미국,보이시주립대학교,국립,N,N,N,Y,N,N
중유럽,독일,보훔루르대학교,국립,Y,Y,Y,Y,N,N
중유럽,독일,본대학교,국립,Y,Y,N,N,N,N
서유럽,이탈리아,볼로냐대학교,국립,N,Y,N,Y,N,N
중유럽,헝가리,부다페스트경영대학교(BGE),국립,N,N,N,Y,N,N
동남아,태국,부라파대학교,국립,Y,N,N,N,N,N
유라시아,러시아,부랴트국립대학교,국립,Y,Y,N,N,N,N
남미,아르헨티나,부에노스아이레스대학교,국립,N,N,N,Y,N,N
중미카리브,콜롬비아,부카라마가자치대학교(UNAB),사립,N,N,N,Y,N,N
중유럽,루마니아,부쿠레슈티대학교,국립,Y,Y,N,Y,N,N
유라시아,우즈베키스탄,부하라국립대학교,국립,N,N,N,Y,N,N
유라시아,러시아,북동연방대학교,기타,Y,N,N,Y,N,N
동북아,일본,분쿄대학교,사립,N,N,N,Y,N,N
동북아,일본,불교대학교,사립,N,N,N,Y,N,N
중유럽,독일,뷔르츠부르크 대학교,국립,N,N,N,Y,N,N
북미,미국,브라운대학교,사립,Y,N,N,Y,N,N
동남아,인도네시아,브라위자야대학교,,N,N,N,Y,N,N
남미,브라질,브라질리아대학교,국립,N,N,N,Y,N,N
북미,미국,브랜다이스대학교,사립,N,N,N,Y,N,N
서유럽,영국,브레드퍼드대학교,,N,N,N,Y,N,N
중유럽,폴란드,브로츠와프대학교,국립,Y,N,N,N,N,Y
동남아,브루나이,브루나이기술대학교,국립,Y,Y,Y,N,N,N
동남아,브루나이,브루나이다루살람대학교,국립,Y,N,N,Y,Y,N
서유럽,프랑스,브르타뉴아틀란틱경영전문학교,사립,Y,Y,N,Y,N,N
북미,미국,브리검영대학교,사립,Y,N,N,N,N,N
서유럽,영국,브리스톨대학교,국립,N,N,N,Y,N,N
북미,미국,브리지워터주립대학교,국립,N,N,N,Y,N,N
북미,캐나다,브리티시컬럼비아대학교(UBC),국립,Y,Y,Y,Y,Y,Y
북미,미국,브린모어칼리지,사립,N,N,N,Y,N,N
유라시아,러시아,블라디보스토크국립경제서비스대학교,국립,Y,N,N,N,N,N
유라시아,키르기스스탄,비슈케크인문대학교,국립,Y,Y,Y,N,N,Y
중유럽,오스트리아,비엔나대학교,국립,Y,Y,Y,N,Y,N
중유럽,리투아니아,비타우타스마그누대학교,국립,Y,Y,N,N,N,N
북미,캐나다,빅토리아대학교,국립,N,N,N,Y,N,N
동남아,베트남,빈즈엉대학교,사립,Y,N,N,N,N,N
동남아,캄보디아,빌드브라이트대학교,사립,N,N,N,Y,N,N
중유럽,튀르키예,빌켄트대학교,사립,N,N,N,Y,N,N
동북아,일본,사가대학교,국립,N,N,N,Y,N,N
동북아,중국,사립화리엔학원,사립,Y,N,N,N,N,N
유라시아,우즈베키스탄,사마르칸트국립외국어대학교,국립,Y,Y,N,Y,Y,N
동남아,말레이시아,사바대학교,국립,N,N,N,Y,N,N
서유럽,영국,사우샘프턴대학교,국립,N,N,N,Y,N,N
북미,미국,사우스캐롤라이나대학교,국립,Y,N,N,N,N,N
동남아,베트남,사이공문화예술관광대학교,기타,Y,N,N,N,N,N
동북아,일본,사이타마대학교,국립,N,N,N,Y,N,N
동북아,일본,사이타마현립대학교,국립,N,N,N,Y,N,N
동북아,일본,사쿠신학원대학교,사립,N,N,N,Y,N,N
유라시아,러시아,사할린국립대학교,국립,Y,N,N,Y,N,N
서유럽,프랑스,사회과학고등연구원(EHESS),국립,N,Y,Y,N,N,N
동북아,중국,산동경무직업학원,,Y,N,N,N,N,N
동북아,중국,산동과기대학,,Y,N,N,N,N,N
동북아,중국,산동과학기술직업학원,,Y,N,N,N,N,N
동북아,중국,산동농업공정학원,,Y,N,N,N,N,N
동북아,중국,산동대학교,국립,Y,Y,Y,N,N,N
동북아,중국,산동대학교 웨이하이분교,국립,Y,Y,Y,N,N,N
동북아,중국,산동사범대학교,국립,Y,Y,N,N,N,N
동북아,중국,산동상무직업학원,,Y,N,N,N,N,N
동북아,중국,산동여유직업학원,,Y,N,N,N,N,N
동북아,중국,산동여자대학교,,Y,N,N,N,N,N
동북아,중국,산동영재학원,,Y,N,N,N,N,N
동북아,중국,산동외국어직업학원,,Y,N,N,N,N,N
동북아,중국,산동외무직업학원,,Y,N,N,N,N,N
동북아,중국,산동외사직업학원,,Y,N,N,N,N,N
동북아,중국,산동이공대학,,Y,N,N,N,N,N
동북아,중국,산동이공대학교,,Y,N,N,N,N,N
동북아,중국,산동청년정치학원,,Y,N,N,N,N,N
남미,페루,산마르코스국립대학교,국립,N,N,N,Y,N,N
동북아,중국,산시공정직업기술학원,,Y,N,N,N,N,N
남미,볼리비아,산시몬대학교(UMSS),기타,N,N,N,Y,N,N
동북아,중국,산시사범대학교,국립,N,N,N,Y,N,N
동북아,중국,산시여유직업학원,,Y,N,N,N,N,N
동북아,중국,산시통원직업기술학원,,N,N,N,Y,N,N
동북아,중국,산시호주상무직업학원,,Y,N,N,N,N,N
남미,페루,산아쿠스틴국립대학교,국립,N,N,N,Y,N,N
남미,볼리비아,산안드레스대학교,국립,N,N,N,Y,N,N
동북아,일본,산요학원대학교,사립,N,N,N,Y,N,N
중미카리브,콜롬비아,산탄데르산업대학교(UIS),국립,N,N,N,Y,N,N
중미카리브,도미니카공화국,산토도밍고자치대학교,국립,N,N,N,Y,N,N
동남아,필리핀,산토토마스대학교,사립,N,N,N,Y,N,N
서유럽,스페인,살라망카대학교,국립,Y,Y,Y,N,Y,N
남미,아르헨티나,살바도르대학교,사립,N,N,N,Y,N,N
동북아,일본,삿포로국제대학교,사립,N,N,N,Y,N,N
동북아,일본,삿포로대학교,사립,N,N,N,Y,N,N
동북아,일본,삿포로학원대학교,기타,N,N,N,Y,N,N
유라시아,러시아,상트페테르부르크국립대학교,국립,Y,Y,Y,Y,N,Y
남미,브라질,상파울루대학교(USP),국립,Y,Y,Y,Y,N,N
동북아,중국,상하이2공업대학교,,N,N,N,Y,N,N
동북아,중국,상하이공상외국어직업학원,,Y,N,N,N,N,N
동북아,중국,상하이교통대학교,,Y,N,N,N,N,N
동북아,중국,상하이대외경제대학교,,Y,N,N,N,N,N
동북아,중국,상하이민위안직업기술학원,,Y,N,N,N,N,N
동북아,중국,상하이여유고등단과학교,,Y,N,N,N,N,N
동북아,중국,상하이외국어대학교,국립,Y,Y,Y,N,Y,N
동북아,중국,상하이중치아오직업기술학원,,N,N,N,Y,N,N
동북아,중국,상하이진단직업학원,,N,N,N,Y,N,N
동북아,중국,상하이해양대학교,,Y,N,N,N,N,N
북미,미국,새들백칼리지,국립,Y,N,N,Y,N,N
북미,미국,샌디에이고주립대학교,,N,Y,N,Y,N,N
북미,미국,샌타모니카칼리지,국립,Y,N,N,N,N,N
동북아,중국,샤먼이공학원,국립,N,N,N,Y,N,N
동북아,중국,서남대학교,국립,N,N,N,Y,N,N
동북아,중국,서남민족대학교,국립,Y,N,N,N,N,N
북미,미국,서던네바다칼리지,국립,Y,N,N,Y,N,N
북미,미국,서던캘리포니아대학교(USC),사립,Y,N,Y,Y,Y,N
동북아,중국,서북공업대학교,국립,N,N,N,Y,N,N
동북아,중국,서북대학교,국립,N,N,N,Y,N,N
동북아,중국,서북정법대학교,국립,Y,N,N,N,N,N
중미카리브,자메이카,서인도제도대학교 모나캠퍼스(UWI Mona),기타,Y,N,N,N,N,N
중미카리브,트리니다드토바고,서인도제도대학교 세인트어거스틴캠퍼스(UWI St. Augustine),기타,N,N,N,Y,Y,N
대양주,호주,서호주대학교,국립,Y,N,N,Y,N,N
동북아,중국,선전대학교,국립,N,N,N,Y,N,N
동북아,중국,선전직업기술학원,,Y,N,N,N,N,N
동북아,일본,성마리아학원대학교,사립,N,N,N,Y,N,N
북미,캐나다,세니커칼리지,국립,N,N,N,Y,N,N
동북아,몽골,세룰렉대학교,사립,N,N,N,Y,N,N
중유럽,우크라이나,세무재정대학교,국립,Y,N,N,Y,N,N
동남아,필리핀,세부기술공과대학교,국립,N,N,N,Y,N,N
동북아,일본,세이난여학원대학교,사립,N,N,N,Y,N,N
동북아,일본,세이난학원대학교,사립,N,N,N,Y,N,N
동북아,일본,세이비대학,기타,N,N,N,Y,N,N
동북아,일본,세이신여자대학교,기타,N,N,N,Y,N,N
동북아,일본,세이케이대학교,사립,N,N,N,Y,N,N
동북아,일본,세이토쿠대학교,기타,N,N,N,Y,N,N
동북아,일본,세이학원대학교,사립,N,N,N,Y,N,N
중유럽,북마케도니아 공화국,세인츠키릴-메토디우스대학교,국립,N,N,N,Y,N,N
북미,미국,세인트루이스워싱턴대학교,사립,Y,N,N,Y,N,N
북미,캐나다,세인트메리스대학교,국립,N,N,N,Y,N,N
서유럽,영국,세인트조지스의과대학교,국립,N,N,N,Y,N,N
남미,볼리비아,세인트프란시스하비에르대학교,국립,N,N,N,Y,N,N
동북아,일본,센다이대학교,사립,N,N,N,Y,N,N
동북아,일본,센다이시라유리여자대학교,사립,N,N,N,Y,N,N
서유럽,영국,센트럴랭커셔대학교,국립,Y,Y,Y,Y,Y,Y
북미,미국,센트럴플로리다대학교,국립,N,N,N,Y,N,N
서유럽,영국,셰필드대학교,국립,Y,Y,Y,Y,Y,N
동북아,일본,소아이대학교,사립,N,N,N,Y,N,N
동북아,일본,소카대학교,사립,N,N,N,Y,N,N
중유럽,불가리아,소피아대학교,국립,Y,Y,Y,Y,N,N
중동,이집트,소하그 대학교,국립,Y,N,N,N,N,N
동남아,태국,송클라대학교 빠따니캠퍼스,국립,Y,N,N,Y,N,N
동남아,태국,송클라대학교 푸껫캠퍼스,국립,Y,N,N,N,N,N
동남아,태국,송클라대학교 핫야이캠퍼스,국립,N,N,N,Y,N,N
동북아,일본,쇼와여자대학교,사립,Y,Y,Y,N,N,N
동북아,일본,쇼케이대학교,사립,N,N,N,Y,N,N
동북아,일본,쇼케이학원대학교,사립,N,N,N,Y,N,N
동남아,태국,수라나리기술대학교,국립,N,N,N,Y,N,N
동남아,태국,수랏타니의공립대학교,국립,N,N,N,Y,N,N
동남아,태국,수린라차팟대학교,국립,N,N,N,Y,N,N
동남아,태국,수린테크니컬대학교,기타,N,N,N,Y,N,N
동남아,인도네시아,수마트라공립대학교,기타,N,N,N,Y,N,N
동남아,라오스,수파누봉대학교,국립,N,N,N,Y,N,N
동북아,대만,쉬안장대학교,사립,N,N,N,Y,N,N
동북아,중국,쉬저우공정학원,국립,Y,N,N,N,Y,N
동북아,일본,슈지쓰대학교,사립,N,N,N,Y,N,N
동북아,일본,슈쿠토쿠대학교,사립,N,N,N,Y,N,N
동북아,일본,스기야마여학원대학교,사립,N,N,N,Y,N,N
동북아,일본,스루가다이대학교,사립,N,N,N,Y,N,N
서남아,인도,스리라마스와미메모리얼대학교,기타,N,N,N,Y,N,N
서남아,스리랑카,스리랑카오픈대학교,국립,N,N,N,Y,N,N
북미,미국,스미스칼리지,사립,Y,N,N,Y,N,N
동북아,일본,스즈카대학교,기타,N,N,N,Y,N,N
북미,미국,스탠퍼드대학교,사립,Y,Y,N,Y,Y,N
서유럽,스웨덴,스톡홀름대학교,국립,Y,Y,Y,N,Y,N
서유럽,프랑스,스트라스부르그대학교,국립,N,N,N,Y,N,N
중유럽,크로아티아,스플리트대학교,국립,N,N,N,Y,N,N
동북아,일본,시가쿠칸대학교,사립,N,N,N,Y,N,N
동북아,일본,시가현립대학교,국립,N,N,N,Y,N,N
동북아,일본,시갓칸대학,사립,N,N,N,Y,N,N
동남아,태국,시나카린위롯대학교,국립,Y,N,N,N,Y,N
대양주,호주,시드니대학교,국립,Y,Y,Y,Y,N,N
중동,모로코,시디모하메드벤압델라대학교,기타,N,N,N,Y,N,N
북미,미국,시라큐스대학교,사립,N,N,N,Y,N,N
동북아,일본,시마네대학교,국립,N,N,N,Y,N,N
동북아,일본,시마네현립대학교,국립,N,N,N,Y,N,N
동북아,일본,시모노세키시립대학교,국립,N,N,N,Y,N,N
유라시아,러시아,시베리아국립철도교통대학교,국립,Y,N,N,N,N,N
유라시아,러시아,시베리아연방대학교,,Y,N,N,N,N,N
동북아,일본,시세이칸대학교,국립,N,N,N,Y,N,N
동북아,중국,시안번역학원,,Y,N,N,N,N,N
동북아,중국,시안외국어대학교,국립,Y,Y,N,N,N,N
동북아,중국,시안외사학원,,Y,N,N,N,N,Y
동북아,중국,시안페이화대학교,,Y,N,N,N,N,N
서유럽,이탈리아,시에나외국인대학교,국립,Y,N,N,Y,Y,N
동북아,중국,시엔양사범학원,국립,N,N,N,Y,N,N
동북아,일본,시즈오카대학교,사립,N,N,N,Y,N,N
동북아,일본,시즈오카문화예술대학교,국립,N,N,N,Y,N,N
동북아,일본,시즈오카현립대학교,사립,N,N,N,Y,N,N
동북아,대만,시지안대학교,사립,N,N,N,Y,N,N
동북아,중국,시징대학교,사립,N,N,N,Y,N,N
북미,미국,시카고대학교,사립,Y,Y,Y,Y,N,N
동북아,일본,시코쿠대학교,국립,Y,Y,N,N,N,N
동북아,일본,시코쿠학원대학교,사립,N,N,N,Y,N,N
동북아,일본,시텐노지대학교,기타,N,N,N,Y,N,N
동북아,몽골,시티대학교,기타,N,N,N,Y,N,N
동북아,일본,신슈대학교,사립,N,N,N,Y,N,N
동남아,태국,실파콘대학교,국립,Y,N,N,Y,N,N
서남아,인도,심바이오시스대학교,기타,N,N,N,Y,N,N
동남아,싱가포르,싱가포르경영대학교,기타,N,N,N,Y,N,N
동남아,싱가포르,싱가포르국립대학교,국립,N,N,N,Y,N,N
동남아,싱가포르,싱가포르폴리테크닉,국립,N,N,N,Y,N,N
동북아,중국,싱이민족사범학원,국립,N,N,N,Y,N,N
동북아,중국,쑤저우대학교,,Y,N,N,N,N,N
동북아,일본,쓰다주쿠대학교,국립,N,N,N,Y,N,N
동북아,일본,쓰루문과대학교,기타,N,N,N,Y,N,N
동북아,중국,쓰촨대학교,국립,N,N,N,Y,N,N
동북아,중국,쓰촨사범대학교,국립,N,N,N,Y,N,N
동북아,중국,쓰촨성시직업학원,,N,N,N,Y,N,N
동북아,중국,쓰촨외국어대학교,국립,Y,Y,N,N,Y,Y
동북아,중국,쓰촨외국어대학교 성도학원,사립,Y,N,N,N,N,N
동북아,중국,쓰촨외국어대학교 충칭남방번역학원,사립,Y,N,N,N,N,N
동북아,일본,쓰쿠바국제대학교,국립,N,N,N,Y,N,N
동북아,일본,쓰쿠바대학교,사립,N,N,N,Y,N,N
동북아,일본,쓰쿠바학원대학교,사립,N,N,N,Y,N,N
서남아,인도,아누그라나라얀대학교,기타,N,N,N,Y,N,N
중유럽,폴란드,아담미츠키에비츠대학교,국립,Y,Y,Y,N,N,N
아프리카,에티오피아,아디스아바바대학교,국립,N,N,N,Y,N,N
유라시아,키르기스스탄,아라바예프키르기즈국립대학교,국립,N,N,N,Y,N,N
중동,아랍에미리트,아랍에미리트대학교,국립,Y,N,N,N,N,N
중동,이라크,아르빌국제대학교,,Y,N,N,Y,N,N
북미,미국,아메리칸대학교,사립,Y,Y,N,Y,N,N
중동,아랍에미리트,아부다비고등공과칼리지,기타,N,N,N,Y,N,N
중동,아랍에미리트,아부다비폴리테크닉대학교,국립,N,N,N,Y,N,N
남미,아르헨티나,아비에르타인터아메리카나대학교,사립,N,N,N,Y,N,N
동북아,일본,아사히카와대학교,국립,N,N,N,Y,N,N
남미,파라과이,아순시온국립대학교,국립,N,N,N,Y,N,N
중동,이집트,아스완대학교,국립,Y,N,N,N,Y,Y
동북아,일본,아시아대학교,국립,N,N,N,Y,N,N
동남아,필리핀,아시안서밋대학교,기타,N,N,N,Y,N,N
동북아,일본,아시야대학교,사립,N,N,N,Y,N,N
동북아,일본,아오모리공립대학교,사립,N,N,N,Y,N,N
동북아,일본,아오모리대학교,국립,N,N,N,Y,N,N
동북아,일본,아오모리대학교,사립,N,N,N,Y,N,N
동북아,일본,아오모리현립보건대학교,사립,N,N,N,Y,N,N
동북아,일본,아오야마학원대학,사립,N,N,N,Y,N,N
동북아,일본,아오야마학원대학교,국립,N,N,N,Y,N,N
북미,미국,아이오와대학교,국립,Y,N,N,Y,N,N
동북아,일본,아이치교육대학교,사립,N,N,N,Y,N,N
동북아,일본,아이치대학교,국립,N,N,N,Y,N,N
동북아,일본,아이치도호대학교,사립,N,N,N,Y,N,N
동북아,일본,아이치도호대학교,사립,N,N,N,Y,N,N
동북아,일본,아이치산업대학교,사립,N,N,N,Y,N,N
동북아,일본,아이치슈쿠토쿠대학교,사립,Y,N,N,N,N,N
동북아,일본,아이치학원대학교,사립,Y,N,N,N,N,N
동북아,일본,아이치현립대학교,사립,N,N,N,Y,N,N
중동,이집트,아인샴스대학교,국립,Y,Y,Y,Y,N,N
유라시아,투르크메니스탄,아자디투르크멘국립세계언어대학교,국립,Y,N,N,Y,N,N
중유럽,아제르바이잔,아제르바이잔공과대학교,국립,N,N,N,Y,N,N
중유럽,아제르바이잔,아제르바이잔언어대학교,국립,Y,Y,N,N,N,N
동북아,일본,아키타경제법과대학,기타,N,N,N,Y,N,N
동북아,일본,아키타국제대학,국립,N,N,N,Y,N,N
동북아,일본,아키타대학교,국립,N,N,N,Y,N,N
동남아,필리핀,아테네오데마닐라대학교,사립,Y,N,N,Y,Y,Y
중미카리브,콜롬비아,아틀란티코대학교,국립,N,N,N,Y,N,N
중유럽,튀르키예,아틀름대학교,사립,N,N,N,Y,N,N
중동,바레인,아흘리아대학교,사립,N,N,N,Y,N,N
중미카리브,베네수엘라,안데스대학교(ULA),국립,N,N,N,Y,Y,N
동북아,중국,안산사범학원,국립,Y,N,N,N,N,N
동북아,중국,안후이공상직업학원,,N,N,N,Y,N,N
유라시아,카자흐스탄,알마티경영대학교,사립,N,N,N,Y,N,N
유라시아,카자흐스탄,알마티경제칼리지,기타,N,N,N,Y,N,N
유라시아,카자흐스탄,알마티아바이국립대학교,국립,N,N,N,Y,N,N
아프리카,수단,알자임 알아즈하르대학교,국립,Y,N,N,N,N,Y
유라시아,러시아,알타이국립대학교,국립,Y,N,N,Y,N,N
중유럽,튀르키예,앙카라대학교,국립,Y,Y,Y,N,N,N
동남아,캄보디아,앙코르대학교,사립,Y,N,N,N,N,N
북미,미국,애리조나대학교,국립,Y,N,N,Y,N,N
북미,미국,애리조나주립대학교,국립,Y,N,N,N,N,Y
북미,미국,앨라배마대학교,국립,N,N,N,Y,N,N
북미,캐나다,앨버타대학교,국립,Y,Y,N,N,N,N
중유럽,폴란드,야기엘론스키대학교,국립,Y,N,N,Y,N,N
중동,요르단,야르무크대학교,국립,N,N,N,Y,Y,N
동북아,일본,야마가타대학교,국립,N,N,N,Y,N,N
동북아,일본,야마가타현립보건의료대학교,국립,N,N,N,Y,N,N
동북아,일본,야마구치대학교,국립,N,N,N,Y,N,N
동북아,일본,야마구치현립대학교,국립,N,N,N,Y,N,N
동북아,일본,야마나시에이와대학교,사립,N,N,N,Y,N,N
동북아,일본,야마나시현립대학교,국립,N,N,N,Y,N,N
동남아,미얀마,양곤대학교,국립,N,Y,N,N,N,N
동남아,미얀마,양곤외국어대학교,국립,Y,Y,Y,Y,N,N
동북아,중국,양저우공업직업기술학교,,N,N,N,Y,N,N
동북아,중국,양저우대학교,국립,Y,Y,Y,N,N,N
동북아,몽골,어르헝대학교,사립,N,N,N,Y,N,N
동북아,일본,어린이교육보선대학,사립,N,N,N,Y,N,N
동남아,베트남,언론커뮤니케이션대학교,기타,N,N,N,Y,N,N
동북아,일본,에도카와대학교,사립,N,N,N,Y,N,N
서유럽,영국,에든버러대학교,국립,N,Y,N,N,Y,N
중유럽,튀르키예,에르지예스대학교,국립,Y,Y,Y,N,Y,N
북미,미국,에모리대학교,사립,Y,N,N,Y,Y,N
남미,에콰도르,에코텍대학교,기타,N,N,N,Y,N,N
남미,에콰도르,에콰도르 센트럴대학교,,N,N,N,Y,N,Y
남미,에콰도르,에콰도르 안디나시몬볼리바르대학교,국립,N,Y,N,N,N,N
남미,에콰도르,에콰도르 연안공과대학교,,N,N,N,Y,N,N
동북아,몽골,에트겅텡게르대학교,사립,Y,N,N,Y,Y,N
동북아,일본,에히메대학교,국립,Y,Y,N,N,N,N
서유럽,프랑스,엑스-마이세이유대학교,국립,Y,Y,Y,Y,N,N
서유럽,영국,엑스터대학교,국립,N,N,N,Y,N,N
동남아,필리핀,엔드런대학교,사립,N,N,N,Y,N,N
중미카리브,엘살바도르,엘살바도르대학교,국립,N,N,N,Y,N,N
중유럽,헝가리,엘테대학교,국립,Y,Y,Y,N,N,N
동북아,몽골,엥흐어치릉대학교,국립,N,N,N,Y,N,N
동북아,중국,연변과학기술대학교,국립,Y,N,N,N,N,N
동북아,중국,연변대학교,국립,Y,Y,Y,Y,N,N
동북아,중국,연변직업기술학원,,Y,N,N,N,N,N
동북아,중국,연태남산학원,,Y,N,N,N,N,N
동북아,중국,연태대학교,국립,Y,Y,N,N,Y,N
동북아,중국,연태이공학원,,Y,N,N,N,N,N
중유럽,독일,예나대학교,국립,N,N,N,Y,N,N
중유럽,아르메니아,예레반국립대,국립,Y,N,N,Y,N,N
중유럽,아르메니아,예레반브루소프국립언어사회과학대학교,국립,Y,N,N,N,Y,N
중동,이스라엘,예루살렘히브리대학교,국립,Y,N,N,Y,Y,N
북미,미국,예일대학교,사립,Y,N,N,Y,N,N
동북아,중국,옌청사범학원,국립,Y,N,N,N,N,N
중유럽,우크라이나,오데사국립사범대학교,국립,N,N,N,Y,N,N
동남아,필리핀,오로라기술대학교,기타,N,N,N,Y,N,N
북미,미국,오리건대학교,국립,Y,N,N,N,N,N
북미,미국,오번대학교,국립,Y,N,N,Y,N,Y
북미,미국,오벌린칼리지,사립,Y,N,N,Y,N,N
동북아,일본,오비린대학교,사립,N,N,N,Y,N,N
동북아,일본,오사카경제대학교,사립,N,N,N,Y,N,N
동북아,일본,오사카경제법과대학교,사립,N,N,N,Y,N,N
동북아,일본,오사카관광대학교,사립,N,N,N,Y,N,N
동북아,일본,오사카교육대학교,기타,N,N,N,Y,N,N
동북아,일본,오사카국제대학교,사립,N,N,N,Y,N,N
동북아,대만,오사카대학교,국립,Y,Y,Y,N,Y,N
동북아,일본,오사카부립대학교,국립,N,N,N,Y,N,N
동북아,일본,오사카산업대학교,사립,N,N,N,Y,N,N
동북아,일본,오사카상업대학교,사립,N,N,N,Y,N,N
동북아,일본,오사카쇼인여자대학교,사립,N,N,N,Y,N,N
동북아,일본,오사카시립대학교,국립,N,N,N,Y,N,N
동북아,일본,오사카예술대학교,사립,N,N,N,Y,N,N
동북아,일본,오사카오타니대학교,사립,N,N,N,Y,N,N
동북아,일본,오사카전기통신대학교,사립,N,N,N,Y,N,N
유라시아,키르기스스탄,오슈공과대학교,국립,N,N,N,Y,N,N
서유럽,노르웨이,오슬로대학교,국립,Y,Y,N,Y,N,N
유라시아,카자흐스탄,오시국립대학교,,N,N,N,Y,N,N
동북아,일본,오쓰마여자대학교,사립,N,N,N,Y,N,N
동북아,일본,오우대학교,사립,N,N,N,Y,N,N
동북아,일본,오이타대학교,국립,N,N,N,Y,N,N
동북아,일본,오이타현립간호과학대학교,국립,N,N,N,Y,N,N
동북아,일본,오차노미즈여자대학교,국립,N,N,N,Y,N,N
동북아,일본,오카야마대학교,국립,N,N,N,Y,N,N
동북아,일본,오카야마이과대학교,사립,N,N,N,Y,N,N
동북아,일본,오카야마현립대학교,국립,N,N,N,Y,N,N
동북아,일본,오카학원대학교,사립,N,N,N,Y,N,N
북미,미국,오크톤커뮤니티칼리지,국립,Y,N,N,Y,N,N
북미,미국,오클라호마주립대학교,국립,N,N,N,Y,N,N
대양주,뉴질랜드,오클랜드공과대학교,국립,N,N,N,Y,Y,N
대양주,뉴질랜드,오클랜드대학교,국립,Y,Y,Y,Y,N,N
동북아,일본,오키나와국제대학교,사립,N,N,N,Y,N,N
동북아,일본,오키나와그리스도교학원대학,사립,N,N,N,Y,N,N
동북아,일본,오키나와대학교,사립,N,N,N,Y,N,N
동북아,일본,오타니대학교,사립,N,N,N,Y,N,N
동북아,일본,오타루상과대학교,국립,N,N,N,Y,N,N
동북아,일본,오테마에대학교,,N,N,N,Y,N,N
북미,미국,오하이오주립대학교,국립,Y,Y,N,N,N,N
서유럽,영국,옥스퍼드대학교,국립,Y,Y,N,N,N,N
서유럽,영국,옥스퍼드브룩스대학교,국립,N,N,N,Y,N,N
중미카리브,온두라스,온두라스공과대학교,사립,N,N,N,Y,N,N
중미카리브,온두라스,온두라스국립자치대학교,국립,N,N,N,Y,N,N
북미,미국,올드도미니언대학교,국립,N,N,N,Y,N,N
중유럽,체코,올로모우츠 팔라츠키대학교,국립,Y,Y,Y,Y,N,Y
서유럽,덴마크,올보르대학교,국립,N,Y,N,Y,N,N
동북아,일본,와세다대학교,사립,Y,N,N,N,N,N
동북아,일본,와요여자대학교,사립,N,N,N,Y,N,N
대양주,뉴질랜드,와이카토대학교,국립,Y,N,Y,Y,N,N
동북아,일본,와카야마대학교,국립,N,N,N,Y,N,N
동북아,일본,와코대학교,사립,N,N,N,Y,N,N
동남아,캄보디아,왕립예술대학교,국립,N,N,N,Y,N,N
동남아,캄보디아,왕립프놈펜대학교,국립,Y,N,N,N,N,Y
중동,요르단,요르단대학교,국립,Y,N,N,N,N,Y
동북아,일본,요코하마국립대학교,국립,N,N,N,Y,N,N
동북아,일본,요코하마시립대학교,국립,N,N,N,Y,N,N
서유럽,영국,요크대학교,국립,N,N,N,Y,N,N
북미,캐나다,요크대학교,국립,Y,N,N,Y,N,N
동남아,태국,우돈타니라차팟대학교,국립,N,N,N,Y,N,N
동남아,태국,우따라딧 직업대학교,기타,N,N,N,Y,N,N
동남아,태국,우따라딧라차팟대학교,국립,Y,N,N,N,N,N
유라시아,러시아,우랄연방대학교,국립,Y,Y,N,N,N,N
유라시아,우즈베키스탄,우르겐치국립대학교,국립,Y,N,N,N,N,N
유라시아,우즈베키스탄,우르겐치국립대학교,국립,N,N,N,Y,N,N
동남아,태국,우본라차타니라차팟대학교,국립,N,N,N,Y,N,N
동북아,중국,우시공예직업기술학원,,N,N,N,Y,N,N
동북아,중국,우시과학직업학원,,N,N,N,Y,N,N
동북아,중국,우시남양직업기술학원,,N,N,N,Y,N,N
동북아,일본,우쓰노미야대학교,국립,N,N,N,Y,N,N
유라시아,우즈베키스탄,우즈베키스탄국립세계언어대학교,,Y,Y,N,Y,Y,Y
유라시아,우즈베키스탄,우즈베키스탄국립체육대학교,국립,N,N,N,Y,N,N
동북아,중국,우창직업학원,,Y,N,N,N,N,N
동북아,중국,우한도시직업학원,,Y,N,N,N,N,N
동북아,중국,우한상무직업학원,,Y,N,N,N,N,N
동북아,중국,우한외국어외사직업학원,,Y,N,N,N,N,N
동북아,중국,우후직업기술학원,,N,N,N,Y,N,N
동북아,몽골,울란바타르국립대학교,국립,Y,N,N,N,Y,N
동북아,몽골,울란바타르국제대학교,사립,Y,Y,Y,Y,N,N
동북아,몽골,울란바타르에르뎀대학교,사립,Y,N,N,Y,N,N
서유럽,영국,워릭대학교,기타,N,N,N,Y,N,N
북미,미국,워싱턴D.C.대학교,국립,N,N,N,Y,N,N
북미,미국,워싱턴대학교,국립,Y,Y,Y,N,Y,Y
동북아,대만,원자오외어대학교,사립,N,N,N,Y,N,N
동북아,대만,원지대학교,사립,N,N,N,Y,N,N
북미,캐나다,웨스턴온타리오대학교,국립,N,N,N,Y,N,N
북미,미국,웨슬리언대학교,사립,Y,N,N,Y,N,N
동북아,중국,웨이난사범학원,국립,Y,N,N,N,N,N
동북아,중국,웨이팡대학교,,Y,N,N,N,N,N
동북아,중국,웨이팡직업학원,국립,Y,N,N,N,N,N
동북아,중국,웨이하이직업학원,,Y,N,N,N,N,N
대양주,뉴질랜드,웰링턴빅토리아대학교,국립,N,N,N,Y,N,N
북미,미국,웰즐리칼리지,사립,Y,N,N,Y,N,N
북미,캐나다,위니펙대학교,국립,N,N,N,Y,N,N
동북아,대만,위다과기대학교,사립,N,N,N,Y,N,N
북미,미국,위스콘신대학교 매디슨캠퍼스,국립,Y,Y,Y,N,Y,N
동북아,중국,윈난경제관리학원,,N,N,N,Y,N,N
동북아,중국,윈난사범대학,,Y,N,N,Y,N,N
동북아,중국,윈난성시건설직업학원,,N,N,N,Y,N,N
동북아,중국,윈난여행직업학원,,N,N,N,Y,N,N
북미,미국,윌리엄앤메리칼리지,국립,N,N,N,Y,N,N
북미,미국,윌리엄패터슨대학교,국립,Y,N,N,N,N,N
유라시아,카자흐스탄,유라시아국립대학교,국립,Y,Y,N,N,N,N
북미,미국,유타대학교,국립,Y,Y,N,N,N,N
동남아,말레이시아,유타르대학교,사립,N,N,N,Y,N,N
북미,미국,유타주립대학교,국립,Y,N,N,N,N,N
동남아,베트남,응우옌탓탄대학교,사립,Y,N,N,Y,N,N
유라시아,러시아,이르쿠츠크국립대학교,국립,Y,Y,N,N,N,N
유라시아,러시아,이르쿠츠크국립연구기술대학교,기타,N,N,N,Y,N,N
동북아,일본,이바라키그리스도교대학교,사립,N,N,N,Y,N,N
동북아,일본,이바라키대학교,국립,N,N,N,Y,N,N
중동,모로코,이븐즈흐르대학교,국립,N,N,N,Y,N,N
중동,모로코,이븐토파일대학교,국립,N,N,N,Y,N,N
동북아,대만,이수대학교,사립,N,N,N,Y,N,N
중유럽,튀르키예,이스탄불 아이든대학교,,N,N,N,Y,N,N
중유럽,튀르키예,이스탄불대학교,국립,Y,N,N,N,N,N
동남아,인도네시아,이슬람술탄아궁대학교,사립,N,N,N,Y,N,N
동북아,일본,이시노마키센슈대학교,사립,N,N,N,Y,N,N
동북아,일본,이와테대학교,국립,N,N,N,Y,N,N
동북아,일본,이와테현립대학교,국립,N,N,N,Y,N,N
중유럽,튀르키예,이즈미르경제대학교,사립,N,N,N,Y,N,N
동북아,몽골,이흐몽골대학교,기타,N,N,N,Y,N,N
동북아,몽골,이흐자삭국제대학교,사립,N,N,N,Y,N,N
서남아,인도,인도공과대학교 마드라스캠퍼스,국립,Y,N,N,Y,N,N
서남아,인도,인도국립방송통신대학교,국립,N,N,N,Y,N,N
동남아,인도네시아,인도네시아교육대학교,국립,Y,N,N,N,N,N
동남아,인도네시아,인도네시아국립대학교,국립,Y,Y,N,N,N,N
북미,미국,인디애나대학교 블루밍턴캠퍼스,국립,Y,Y,N,Y,Y,Y
중유럽,오스트리아,인스브루크대학교,국립,N,N,N,Y,Y,N
북미,미국,인카네이트워드대학교,사립,Y,N,N,Y,Y,N
북미,미국,일리노이대학교 시카고캠퍼스,국립,N,N,N,Y,N,N
북미,미국,일리노이대학교 어배너-섐페인캠퍼스,국립,Y,Y,Y,Y,N,N
동북아,일본,일본경제대학교,사립,N,N,N,Y,N,N
동북아,일본,일본대학교,사립,N,N,N,Y,N,N
동북아,일본,일본문리대학교,사립,N,N,N,Y,N,N
동북아,일본,일본복지대학교,사립,N,N,N,Y,N,N
동북아,일본,일본여자대학교,사립,N,N,N,Y,N,N
동북아,일본,일본적십자큐슈국제간호대학,사립,N,N,N,Y,N,N
동북아,일본,일본체육대학교,사립,N,N,N,Y,N,N
서유럽,영국,임페리얼칼리지런던,사립,Y,N,N,Y,N,N
동북아,중국,잉탄직업기술학원,,N,N,N,Y,N,N
동북아,중국,잉티엔직업기술학원,,N,N,N,Y,N,N
중유럽,크로아티아,자그레브대학교,국립,N,N,N,Y,N,N
서남아,인도,자다뿌르대학교,국립,N,N,N,Y,N,N
서남아,인도,자르칸드센트럴대학교,기타,Y,Y,N,Y,N,N
동북아,중국,자무쓰대학교,국립,Y,Y,N,N,N,N
서남아,인도,자미아밀리아이슬람대학교,국립,Y,Y,N,Y,N,N
서남아,인도,자와할랄네루대학교,국립,Y,Y,Y,N,N,N
중동,아랍에미리트,자이드대학교 두바이캠퍼스,기타,N,N,N,Y,N,Y
중동,아랍에미리트,자이드대학교 아부다비캠퍼스,기타,N,N,N,Y,N,N
동남아,인도네시아,자카르타샤리프히다야툴라국립이슬람대학교,기타,N,N,N,Y,N,N
동북아,중국,장난대학교,,N,N,N,Y,N,N
동북아,중국,장난영시예술직업학원,,N,N,N,Y,N,N
동북아,중국,장시사범대학교,국립,Y,N,N,N,N,N
동북아,중국,장시여유상업무역직업학원,,Y,N,N,N,N,N
동북아,중국,장시외어외무직업학원,,Y,N,N,N,N,N
동북아,중국,장쑤경무직업기술학원,국립,Y,N,N,N,N,N
동북아,중국,장쑤성농림직업기술학교,국립,N,N,N,Y,N,N
동북아,중국,장쑤연합직업기술학원,국립,N,N,N,Y,N,N
동북아,중국,장안대학교,국립,N,N,N,Y,N,N
동북아,중국,장하이직업기술학교,사립,Y,N,N,N,N,N
동북아,중국,저장대학교,국립,N,Y,Y,N,Y,N
동북아,중국,저장매체학원,,Y,N,N,N,N,N
동북아,중국,저장수런대학교,사립,Y,N,N,N,N,N
동북아,중국,저장외국어학원,국립,Y,N,N,N,N,N
동북아,일본,전기통신대학교,국립,N,N,N,Y,N,N
동북아,대만,정의대학교,사립,N,N,N,Y,N,N
동북아,중국,정저우경공업학원,국립,Y,N,N,N,N,N
동북아,중국,정저우여유직업학원,,Y,N,N,N,N,N
중유럽,스위스,제네바대학교,국립,Y,Y,Y,Y,Y,N
유라시아,카자흐스탄,제트수국립대학교,국립,N,N,N,Y,N,N
동북아,일본,조사이국제대학교,사립,Y,N,N,N,N,N
동북아,일본,조사이대학교,사립,N,N,N,Y,N,N
동북아,일본,조에쓰교육대학교,기타,N,N,N,Y,N,N
북미,미국,조지메이슨대학교,국립,Y,N,N,Y,N,N
북미,캐나다,조지브라운칼리지,국립,N,N,N,Y,N,N
북미,미국,조지아공과대학교,국립,N,N,N,Y,Y,N
북미,미국,조지아대학교,국립,Y,Y,Y,Y,N,N
북미,미국,조지워싱턴대학교,사립,Y,N,N,N,N,N
북미,미국,조지타운대학교,사립,Y,N,N,Y,Y,N
동북아,일본,조치대학교,사립,N,N,N,Y,N,N
북미,미국,존스홉킨스대학교,사립,Y,Y,Y,Y,N,N
동북아,일본,주쿄대학교,,N,N,N,Y,N,N
동북아,일본,준신학원대학교,기타,N,N,N,Y,N,N
동북아,대만,중국문화대학교,사립,Y,Y,N,N,Y,N
동북아,중국,중국사회과학원대학,,Y,N,N,N,N,N
동북아,중국,중국인민해방군외국어대학교,,N,N,N,Y,N,N
동북아,중국,중국전매대학교,국립,Y,N,N,N,N,N
동북아,중국,중국정법대학교,국립,Y,N,N,Y,N,N
동북아,중국,중국해양대학교,국립,Y,Y,N,N,N,N
동북아,중국,중남민족대학교,국립,Y,N,N,N,N,N
동북아,중국,중남임업과학기술대학교,국립,Y,N,N,N,N,N
중유럽,튀르키예,중동공과대학교,국립,N,Y,N,N,N,N
동북아,일본,중부대학교,사립,N,N,N,Y,N,N
동북아,일본,중부학원대학교,사립,N,N,N,Y,N,N
동북아,중국,중산대학교,국립,N,N,N,Y,N,N
동북아,중국,중산직업기술학원,사립,N,N,N,Y,N,N
중미카리브,콜롬비아,중앙기술교육기관,국립,N,N,N,Y,N,N
동북아,일본,중앙대학교,사립,N,N,N,Y,N,N
동북아,중국,중앙민족대학교,국립,Y,Y,Y,N,N,N
유라시아,키르기스스탄,중앙아시아 아메리칸대학교,국립,N,N,N,Y,N,N
유라시아,키르기스스탄,중앙아시아한국대학교,사립,Y,N,N,N,N,N
중유럽,헝가리,중앙유럽대학교(CEU),,N,N,N,Y,N,N
동북아,대만,중원대학교,사립,N,N,N,Y,N,N
동북아,대만,중화대학교,사립,N,N,N,Y,N,N
동북아,중국,지난대학교,,Y,N,N,N,N,N
동북아,대만,진리대학교,사립,N,N,N,Y,N,N
동남아,태국,쭐랄롱꼰대학교,국립,Y,Y,N,Y,N,N
동북아,중국,쯔보사범고등단과학교,,Y,N,N,N,N,N
동북아,중국,쯔보직업학원,,Y,N,N,N,N,N
동북아,중국,차오양사범고등단과학교(조양사범고등단과학교),국립,Y,N,N,N,N,N
중유럽,체코,찰스대학교,국립,Y,Y,Y,N,N,N
동북아,중국,창바이산직업기술학원,,Y,N,N,N,N,N
동북아,중국,창사민정직업기술학원,국립,N,N,N,Y,N,N
동북아,중국,창수이공학원,국립,Y,N,N,N,Y,N
동북아,대만,창융대학교,사립,N,N,N,Y,N,N
동북아,중국,창장대학교 문리학원,사립,Y,N,N,N,N,N
동북아,중국,창저우신식직업기술학교,국립,Y,N,N,N,N,N
동북아,중국,창춘광화학원,,Y,N,N,N,N,N
동북아,중국,창춘사범대학교,,Y,N,N,N,N,N
동북아,중국,창춘이공대학,,Y,N,N,N,N,N
동북아,중국,창춘직업기술학원,,Y,N,N,N,N,N
동북아,중국,청두대학교,국립,Y,Y,N,N,N,N
유라시아,러시아,첼랴빈스크국립대학교,국립,Y,N,N,N,N,N
중유럽,스위스,취리히대학교,국립,N,N,N,Y,N,N
동북아,중국,취푸사범대학교 리자오분교,국립,Y,Y,N,N,N,N
동북아,중국,취푸원동직업기술학원,,Y,N,N,N,N,N
동북아,대만,츠지대학교,사립,N,N,N,Y,N,N
동북아,중국,치루이공학원,,Y,N,N,N,N,N
동북아,일본,치바대학교,국립,N,N,N,Y,N,N
동북아,일본,치바상과대학교,사립,N,N,N,Y,N,N
동남아,태국,치앙라이라차팟대학교,국립,Y,N,N,N,Y,N
동남아,태국,치앙마이대학교,국립,Y,N,N,Y,N,N
동남아,태국,치앙마이라차팟대학교,국립,N,N,N,Y,N,N
동남아,태국,치앙마이직업학교,국립,N,N,N,Y,N,N
중미카리브,멕시코,치와와자치대학교(UACH),국립,N,N,N,Y,N,N
동북아,중국,치치하얼대학교,,Y,N,N,N,N,N
동북아,중국,치치하얼사범대학교,,Y,N,N,N,N,N
동북아,일본,치쿠시여학원대학교,사립,N,N,N,Y,N,N
남미,칠레,칠레가톨릭대학교,사립,N,N,N,Y,N,N
남미,칠레,칠레대학교,국립,N,N,N,Y,N,N
남미,칠레,칠레산티아고대학교,국립,N,N,N,Y,N,N
남미,칠레,칠레센트럴대학교,사립,Y,Y,N,Y,N,N
동북아,중국,칭다오강완직업기술학원,,Y,N,N,N,N,N
동북아,중국,칭다오공학원,,Y,N,N,N,N,N
동북아,중국,칭다오과학기술대학교,국립,Y,N,N,N,N,N
동북아,중국,칭다오구실직업기술학원,,Y,N,N,N,N,N
동북아,중국,칭다오농업대학교,국립,Y,N,N,N,Y,N
동북아,중국,칭다오대학교,국립,Y,N,N,N,N,N
동북아,중국,칭다오빈하이학원,,Y,N,N,N,N,N
동북아,중국,칭다오이공대학교,국립,N,Y,N,N,N,N
동북아,중국,칭다오직업기술학원,,Y,N,N,N,N,N
동북아,중국,칭다오페이양직업기술학원,,Y,N,N,N,N,N
동북아,중국,칭다오헝싱과기학원,,Y,N,N,N,N,N
동북아,중국,칭다오호텔관리직업기술학원,,Y,N,N,N,N,N
동북아,중국,칭화대학교,국립,Y,N,N,N,N,N
북미,미국,카네기멜론대학교,사립,N,N,N,Y,N,N
유라시아,카자흐스탄,카라간다국립대학교,국립,N,N,N,Y,N,N
유라시아,우즈베키스탄,카라칼팍주립대학교,,N,N,N,Y,N,N
중유럽,헝가리,카롤리가스파르대학교,,N,N,N,Y,N,N
유라시아,우즈베키스탄,카르시주립대학교,국립,N,N,N,Y,N,N
서남아,아프가니스탄,카불대학교,국립,N,N,N,Y,Y,Y
동북아,대만,카이난대학교,사립,N,N,N,Y,N,N
동북아,중국,카이리학원,국립,N,N,N,Y,N,N
유라시아,카자흐스탄,카자흐스탄-러시아국제대학교,사립,N,N,N,Y,N,N
유라시아,카자흐스탄,카자흐스탄-브리티시공과대학교,국립,N,N,N,Y,N,N
유라시아,카자흐스탄,카자흐스탄국립대학교,국립,Y,Y,Y,Y,N,N
유라시아,카자흐스탄,카자흐스탄국제관계세계언어대학교,사립,Y,Y,Y,Y,Y,N
유라시아,러시아,카잔연방대학교,국립,N,N,N,Y,N,N
중동,카타르,카타르대학교,국립,N,N,N,Y,N,N
서남아,네팔,카트만두대학교,사립,N,N,N,Y,N,N
북미,미국,카피올라니커뮤니티칼리지,국립,Y,N,N,N,N,N
동북아,일본,칸다외어대학,사립,Y,N,N,N,N,N
아프리카,나이지리아,칼라바르대학교,국립,N,N,N,Y,N,N
유라시아,러시아,칼미크국립대학교,기타,N,N,N,Y,N,N
북미,캐나다,칼턴대학교,국립,Y,N,N,N,N,N
동남아,캄보디아,캄보디아국립폴리테크닉대학교,,N,N,N,Y,N,N
동남아,캄보디아,캄보디아메콩대학교,사립,Y,N,N,Y,N,N
남미,브라질,캄피나스대학교(UNICAMP),국립,N,N,N,Y,N,N
북미,캐나다,캐모선칼리지,국립,N,N,N,Y,N,N
북미,미국,캔자스대학교,국립,Y,Y,Y,N,N,N
북미,미국,캘리포니아대학교 로스앤젤레스캠퍼스,사립,Y,N,N,Y,N,N
북미,미국,캘리포니아대학교 리버사이드캠퍼스,국립,Y,Y,Y,Y,N,N
북미,미국,캘리포니아대학교 버클리캠퍼스,국립,Y,Y,Y,N,Y,N
북미,미국,캘리포니아대학교 산타바바라캠퍼스,국립,Y,Y,Y,Y,N,N
북미,미국,캘리포니아대학교 샌디에이고캠퍼스,국립,Y,N,N,N,Y,N
북미,미국,캘리포니아대학교 어바인캠퍼스,국립,Y,N,Y,N,N,N
북미,미국,캘리포니아주립대학교 로스앤젤레스캠퍼스,국립,Y,N,N,N,N,N
북미,미국,캘리포니아주립대학교 풀러턴캠퍼스,국립,N,N,N,Y,N,N
서남아,인도,캘커타대학교,국립,Y,N,N,N,N,N
대양주,호주,커틴대학교,국립,Y,Y,Y,N,N,N
북미,미국,컬럼비아대학교,사립,Y,Y,N,Y,N,N
아프리카,케냐,케냐따대학교,,N,N,N,Y,N,N
북미,미국,케네소주립대학교,국립,N,N,N,Y,N,N
유라시아,키르기스스탄,케인국제대학교,기타,N,N,N,Y,N,N
서유럽,영국,케임브리지대학교,국립,Y,Y,Y,N,N,N
서남아,스리랑카,켈라니야대학교,국립,Y,N,N,N,N,N
동북아,일본,코난여자대학교,,N,N,N,Y,N,N
북미,미국,코네티컷대학교,국립,N,N,N,Y,N,N
북미,미국,코넬대학교,사립,Y,Y,Y,N,N,N
남미,아르헨티나,코르도바대학교,국립,N,N,N,Y,Y,N
중유럽,슬로바키아,코메니우스대학교,국립,Y,Y,Y,Y,N,N
서유럽,영국,코번트리대학교,국립,N,N,N,Y,N,N
중미카리브,코스타리카,코스타리카국립대학교(UNA),국립,N,N,N,Y,Y,N
중미카리브,코스타리카,코스타리카대학교(UCR),국립,N,N,N,Y,N,Y
서유럽,아일랜드,코크대학교,국립,Y,Y,Y,Y,N,N
아프리카,코트디부아르,코트디부아르 외교부,,N,Y,N,N,Y,N
서유럽,덴마크,코펜하겐대학교,국립,Y,Y,N,Y,N,N
동남아,태국,콘깬대학교,국립,N,N,N,Y,N,N
북미,미국,콜로라도대학교 볼더캠퍼스,국립,N,N,N,Y,N,N
중미카리브,콜롬비아,콜롬비아 행정재정기술대학교(EAFIT),사립,N,N,N,Y,N,N
중미카리브,콜롬비아,콜롬비아국립교육대학교,국립,N,N,N,Y,N,N
중미카리브,콜롬비아,콜롬비아국립대학교(UNAL),국립,N,N,N,Y,N,N
중미카리브,콜롬비아,콜롬비아국립학교(UNAL) 메데진캠퍼스,국립,N,N,N,Y,N,N
중미카리브,멕시코,콜리마대학교(UCOL),기타,N,N,N,Y,N,N
중유럽,독일,쾰른대학교,국립,N,N,N,Y,N,N
중동,이라크,쿠르디스탄휼러대학교,국립,N,N,N,Y,N,N
아프리카,우간다,쿠미대학교,사립,N,N,N,Y,N,N
남미,페루,쿠스코산안토니어아밧국립대학교,국립,N,N,N,Y,N,N
동남아,말레이시아,쿠알라룸푸르대학교,국립,N,N,N,Y,N,N
남미,에콰도르,쿠엥카대학교,국립,N,N,N,Y,N,N
중동,쿠웨이트,쿠웨이트공립대학교,국립,N,N,N,Y,N,N
동북아,중국,쿤밍예술과학대학교,,Y,N,N,N,N,N
대양주,호주,퀸즐랜드공과대학교,국립,N,N,N,Y,N,N
대양주,호주,퀸즐랜드대학교,국립,Y,Y,Y,N,Y,N
서남아,인도,크라이스트대학교,사립,N,N,N,Y,N,N
북미,미국,클레어몬트매케나칼리지,사립,Y,N,N,Y,N,N
동남아,말레이시아,키나발루 상업 칼리지,사립,N,N,N,Y,N,N
유라시아,키르기스스탄,키르기스스탄국립대학교,국립,Y,N,N,Y,Y,N
유라시아,키르기스스탄,키르기즈국립공과대학교,,N,N,N,Y,N,N
유라시아,키르기스스탄,키르기즈스탄대학교,,N,N,N,Y,N,N
중유럽,우크라이나,키예프국립언어대학교,국립,Y,Y,N,N,N,N
유라시아,카자흐스탄,키질오르다국립대학교,국립,Y,N,N,Y,N,N
중유럽,독일,킬대학교,국립,N,N,N,Y,N,N
중동,사우디아라비아,킹사우드대학교,국립,N,N,N,Y,N,N
서유럽,영국,킹스칼리지런던,국립,N,N,N,Y,N,N
서유럽,영국,킹스턴대학교,사립,Y,N,N,N,N,N
중유럽,우크라이나,타라스셰우첸코 키예프국립대학교,국립,Y,Y,Y,N,Y,N
유라시아,카자흐스탄,타라즈국립사범대학교,국립,N,N,N,Y,N,N
유라시아,카자흐스탄,타라즈인문혁신대학교,기타,N,N,N,Y,N,N
서유럽,에스토니아,타르투대학교,국립,Y,Y,N,Y,Y,N
유라시아,우즈베키스탄,타슈켄트국립동방대학교,국립,Y,Y,Y,Y,N,N
유라시아,우즈베키스탄,타슈켄트국립사범대학교,국립,Y,Y,N,N,N,N
유라시아,우즈베키스탄,타슈켄트인하대학교(IUT),국립,N,N,N,Y,N,N
유라시아,우즈베키스탄,타슈켄트정보기술대학교,국립,N,N,N,Y,N,N
동북아,대만,타이난응용과기대학교,사립,N,N,N,Y,N,N
동남아,베트남,타이빈즈엉대학교,사립,Y,N,N,N,N,N
동북아,중국,타이위안여유직업학원,,Y,N,N,N,N,N
동남아,베트남,타이응우옌대학교,국립,Y,N,N,N,N,N
유라시아,타지키스탄,타지키스탄국립사범대학교,기타,Y,N,N,Y,N,N
유라시아,타지키스탄,타지키스탄두샨베의경제학대학교,국립,N,N,N,Y,N,N
유라시아,타지키스탄,타직국립외국어대학교,국립,Y,N,N,N,N,N
동남아,태국,탁신대학교,국립,N,N,N,Y,N,N
아프리카,탄자니아,탄자니아 도도마대학교(UDOM),국립,N,N,N,Y,N,N
서유럽,에스토니아,탈린대학교,국립,N,N,N,Y,N,N
동남아,태국,탐마삿대학교,국립,Y,N,N,Y,N,N
동남아,베트남,탕롱대학교,사립,Y,N,N,Y,Y,N
동남아,태국,태국체임버커머스대학교,사립,Y,N,N,N,N,N
유라시아,러시아,태평양국립대학교,국립,N,N,N,Y,N,N
북미,미국,터프츠대학교,사립,N,Y,N,Y,N,N
중유럽,우크라이나,테르노필국립경제대학교,기타,N,N,N,Y,N,N
동남아,말레이시아,테일러스대학교,사립,N,N,N,Y,N,N
중동,이란,테헤란대학교,국립,N,N,N,Y,N,Y
북미,미국,텍사스대학교 리오그란데밸리캠퍼스,국립,Y,N,N,Y,N,N
북미,미국,텍사스대학교 샌안토니오캠퍼스,국립,N,N,N,Y,N,N
북미,미국,텍사스대학교 알링턴캠퍼스,국립,Y,N,N,Y,Y,N
북미,미국,텍사스대학교 오스틴캠퍼스,국립,Y,Y,N,N,N,N
중동,이스라엘,텔아비브대학교,국립,Y,Y,Y,Y,N,N
북미,미국,템플대학교,국립,Y,N,N,N,N,N
동북아,중국,톄링사범고등전문학교,,Y,N,N,N,N,N
동북아,중국,톈진사범대학교,,Y,Y,N,N,N,N
동북아,중국,톈진사범대학교 진구학원,,Y,N,N,N,N,N
동북아,중국,톈진상무직업학원,국립,Y,N,N,N,N,N
동북아,중국,톈진외국어대학교,,Y,Y,N,N,N,N
동북아,중국,톈진외국어대학교 빈하이외사학원,,Y,N,N,N,N,N
동북아,중국,톈진직업대학교,,Y,N,N,N,N,N
북미,캐나다,토론토대학교,국립,Y,Y,Y,N,Y,N
서유럽,이탈리아,토리노대학교,국립,Y,Y,N,N,N,N
유라시아,러시아,톰스크국립공과대학교,국립,Y,N,N,N,N,N
유라시아,러시아,톰스크폴리테크닉대학교,국립,N,N,N,Y,N,N
동북아,중국,통화사범학원,국립,Y,N,N,N,Y,N
동남아,베트남,투득기술대학교,국립,Y,N,N,N,N,N
서유럽,핀란드,투르쿠대학교,,Y,Y,Y,Y,N,N
남미,아르헨티나,투쿠만국립대학교,국립,N,N,N,Y,N,N
서유럽,프랑스,툴루즈-쟝조헤스대학교,국립,N,N,N,Y,N,N
중유럽,독일,튀빙겐대학교,국립,Y,Y,Y,Y,N,N
유라시아,러시아,튜멘대학교,국립,Y,N,N,N,N,N
동남아,말레이시아,트라벡스 국제 칼리지,기타,N,N,N,Y,N,N
남미,페루,트루히요국립대학교,국립,N,N,N,Y,N,N
서남아,네팔,트리부반대학교,국립,N,N,N,Y,N,N
중유럽,조지아,트빌리시자유대학교,사립,Y,Y,N,Y,N,N
중미카리브,파나마,파나마공과대학교(UTP),국립,N,N,N,Y,Y,N
중미카리브,파나마,파나마대학교,국립,Y,N,N,N,N,N
동남아,캄보디아,파나사트라대학교,사립,N,N,N,Y,N,N
서유럽,프랑스,파리고등사범학교,,N,N,N,Y,N,N
서유럽,프랑스,파리시테대학교,국립,Y,Y,Y,N,N,N
서유럽,프랑스,파리정치학대학교,사립,Y,Y,N,N,N,N
서유럽,프랑스,파리제8대학교(생드니),국립,N,N,N,Y,N,N
중유럽,불가리아,파이시힐렌다르스키대학교,국립,Y,N,N,N,Y,N
서남아,파키스탄,파키스탄국립외국어대학교,국립,Y,N,N,Y,N,Y
북미,미국,퍼듀대학교,국립,N,N,N,Y,N,N
동북아,대만,펑자대학교,사립,N,N,N,Y,N,N
동남아,베트남,페니카대학교,사립,Y,N,N,Y,N,N
남미,페루,페루가톨릭대학교,사립,N,N,N,Y,N,N
남미,페루,페루센터국립대학교,국립,N,N,N,Y,N,N
유라시아,우즈베키스탄,페르가나국립대학교,,N,N,N,Y,N,N
동북아,일본,페리스여학원대학교,사립,N,N,N,Y,N,N
유라시아,러시아,페트로자보츠크국립대학교,국립,N,N,N,Y,N,N
동남아,말레이시아,펜디디칸술탄대학교,국립,N,N,N,Y,N,N
북미,미국,펜실베니아 대학교,사립,Y,Y,Y,N,Y,N
북미,미국,펜실베니아 슬리퍼리락 대학교,국립,Y,N,N,Y,N,N
북미,미국,펜실베니아 인디애나 대학교,국립,N,N,N,Y,N,N
북미,미국,펜실베니아 주립대학교,국립,Y,N,Y,Y,Y,N
아프리카,코트디부아르,펠릭스우푸에부아니대학교,국립,Y,Y,N,N,Y,Y
동북아,대만,포광대학교,사립,N,N,N,Y,N,N
서유럽,포르투갈,포르토대학교,국립,N,N,N,Y,N,N
서남아,파키스탄,포맨크리스천칼리지,사립,N,N,N,Y,N,N
북미,미국,포틀랜드주립대학교,국립,N,N,N,Y,N,N
동남아,태국,푸껫라차팟대학교,국립,N,N,N,Y,N,N
동북아,중국,푸단대학교,국립,Y,Y,Y,N,N,N
동북아,중국,푸순직업기술학원,,N,N,N,Y,N,N
중미카리브,멕시코,푸에블라주립자치대학교,,N,N,N,Y,N,N
동북아,대만,푸젠가톨릭대학교,사립,N,N,N,Y,N,N
중유럽,독일,풀다응용과학대학교,국립,N,N,N,Y,N,N
동남아,캄보디아,프놈펜국제예술대학교,기타,N,N,N,Y,N,N
중유럽,체코,프라하카렐대학교,국립,Y,Y,Y,N,N,N
중유럽,독일,프랑크푸르트괴테대학교,국립,Y,Y,Y,N,Y,N
중유럽,독일,프랑크푸르트응용과학대학교,국립,N,N,N,Y,N,N
중동,사우디아라비아,프린스술탄대학교,사립,N,N,N,Y,N,N
북미,캐나다,프린스에드바르트아일랜드대학교,국립,N,N,N,Y,N,N
북미,미국,프린스턴대학교,사립,Y,N,Y,N,N,N
북미,미국,플로리다대학교,국립,N,N,N,Y,N,N
서유럽,이탈리아,피렌체대학교,국립,Y,N,N,N,N,N
북미,미국,피어스칼리지,기타,N,N,N,Y,N,N
북미,미국,피처칼리지,사립,N,N,N,Y,N,N
북미,미국,피츠버그대학교,국립,Y,N,N,N,N,N
북미,미국,피츠버그주립대학교,국립,N,N,N,Y,N,N
동남아,필리핀,필리핀국립대학교,국립,N,N,N,Y,N,N
동남아,필리핀,필리핀국제대학교,기타,Y,N,N,Y,N,N
동남아,필리핀,필리핀사범대학교,국립,N,N,N,Y,N,N
동남아,필리핀,필리핀아시아태평양대학교,사립,N,N,N,Y,N,N
동남아,필리핀,필리핀여자대학교,사립,N,N,N,Y,N,N
동북아,일본,하나조노대학교,기타,N,N,N,Y,N,N
동남아,베트남,하노이과학기술대학교,국립,Y,N,N,N,N,N
동남아,베트남,하노이국립외국어대학교(VNU-ULIS),국립,Y,Y,N,N,N,N
동남아,베트남,하노이국립인문사회과학대학교(VNU-USSH),국립,Y,Y,N,N,N,N
동남아,베트남,하노이대학교,국립,Y,N,N,N,N,N
동남아,베트남,하노이산업대학교,국립,Y,N,N,N,N,N
동남아,베트남,하노이폴리테크닉칼리지,사립,N,N,N,Y,N,N
동남아,베트남,하롱대학교,국립,Y,N,N,N,N,N
북미,미국,하버드대학교,사립,Y,N,Y,Y,N,N
동남아,인도네시아,하사누딘대학교,국립,N,N,N,Y,N,N
중동,모로코,하산2세대학교,,N,N,N,Y,N,N
동북아,중국,하얼빈공업대학교,,Y,N,N,N,N,N
동북아,중국,하얼빈공업대학교 웨이하이캠퍼스,국립,Y,N,N,N,N,N
동북아,중국,하얼빈사범대학교,국립,Y,N,N,N,N,N
동북아,중국,하얼빈시항공서비스중등전업학교,,Y,N,N,N,N,N
동북아,중국,하얼빈이공대학,,Y,N,N,N,N,N
동북아,중국,하얼빈케임브릿지대학교,,Y,N,N,N,N,N
북미,미국,하와이대학교 마노아캠퍼스,국립,Y,Y,Y,Y,N,N
북미,미국,하워드대학교,사립,Y,N,N,Y,N,N
북미,미국,하워드커뮤니티칼리지,국립,Y,N,N,Y,N,N
동북아,중국,하이난경무직업기술학원,국립,Y,N,N,N,N,N
동북아,중국,하이난사범대학교,국립,Y,N,N,N,N,N
동북아,중국,하이난외국어직업학원,국립,Y,N,N,N,N,N
서남아,인도,하이데라바드대학교,국립,N,N,N,Y,N,N
중유럽,독일,하이델베르크대학교,국립,Y,Y,Y,N,Y,N
중동,이스라엘,하이파대학교,국립,Y,Y,Y,Y,Y,N
중유럽,아제르바이잔,하자르대학교,사립,N,N,N,Y,N,N
중유럽,튀르키예,하제테페대학교,국립,N,N,N,Y,N,N
동북아,일본,하쿠오대학교,사립,N,N,N,Y,N,N
동북아,몽골,한가이대학교,기타,N,N,N,Y,N,N
동북아,일본,한난대학교,사립,N,N,N,Y,N,N
동북아,몽골,한몽기술대학교,기타,N,N,N,Y,N,N
중유럽,독일,함부르크대학교,국립,Y,Y,Y,N,Y,Y
동북아,중국,항저우사범대학교,국립,Y,N,N,N,N,N
동북아,일본,해상보안대학,기타,N,N,N,Y,N,N
동북아,중국,허베이대학교,국립,Y,N,N,N,N,N
동북아,중국,허베이외국어직업학원,국립,Y,N,N,N,N,N
동북아,중국,허저우학원,국립,N,N,N,Y,N,N
동북아,중국,허페이대학교,,Y,N,N,N,N,N
동북아,일본,헤이세이국제대학교,,N,N,N,Y,N,N
서유럽,핀란드,헬싱키대학교,국립,Y,Y,Y,Y,N,N
동남아,말레이시아,헬프대학교,사립,N,N,N,Y,N,N
북미,미국,호놀룰루커뮤니티칼리지,국립,N,N,N,Y,N,N
중미카리브,쿠바,호세마르티문화원,기타,N,N,N,Y,N,N
동북아,일본,호세이대학교,사립,N,N,N,Y,N,N
대양주,호주,호주국립대학교,국립,Y,N,Y,N,Y,N
동남아,베트남,호찌민국립인문사회과학대학교(USSH-VNUHCM),국립,Y,Y,N,Y,N,N
동남아,베트남,호찌민기술대학교(HUTEC),사립,Y,N,N,N,Y,N
동남아,베트남,호찌민사범대학교,국립,Y,N,N,N,N,N
동남아,베트남,호찌민외국어정보기술대학교(HUFLIT),사립,Y,N,N,Y,N,N
동북아,일본,호쿠리쿠대학교,사립,N,N,N,Y,N,N
동북아,일본,호쿠세이학원대학교,사립,N,N,N,Y,N,N
동북아,일본,호쿠쇼대학교,사립,N,N,N,Y,N,N
동북아,일본,홋카이도대학교,국립,N,N,N,Y,N,N
동남아,베트남,홍방국제대학교,사립,Y,Y,N,N,Y,N
동북아,중국,홍콩과학기술대학교,국립,N,N,N,Y,N,N
동북아,중국,홍콩교육대학교,국립,N,N,N,Y,N,N
동북아,중국,홍콩대학 전업진수학원,,N,N,N,Y,N,N
동북아,중국,홍콩대학교,국립,Y,Y,Y,Y,N,N
동북아,중국,홍콩성시대학교,국립,Y,N,N,Y,N,N
동북아,중국,홍콩이공대학교,국립,Y,N,N,N,N,N
동북아,중국,홍콩중문대학교,국립,N,N,N,Y,N,N
동북아,중국,홍콩침회대학 지속교육학원,사립,N,N,N,Y,N,N
동북아,중국,홍콩침회대학교,국립,N,N,N,Y,N,N
동북아,중국,화난농업대학교,국립,Y,N,N,N,N,N
동북아,중국,화난사범대학교,국립,Y,N,N,Y,N,N
동북아,중국,화베이수리수전대학교,국립,Y,N,N,N,N,N
동북아,중국,화이베이직업기술학원,국립,N,N,N,Y,N,N
동북아,중국,화이안정보직업기술학원,국립,N,N,N,Y,N,N
동북아,중국,화이하이공학원,국립,Y,N,N,N,N,N
동북아,중국,화중과학기술대학교,국립,N,N,N,Y,N,N
동북아,중국,화중사범대학교,국립,Y,Y,Y,N,N,N
동북아,일본,효고교육대학교,국립,N,N,N,Y,N,N
동북아,일본,효고대학교,사립,N,N,N,Y,N,N
동북아,일본,효고현립대학교,국립,N,N,N,Y,N,N
동북아,중국,후난사범대학교,국립,Y,N,N,N,N,N
동북아,중국,후난섭외경제학원,사립,Y,N,N,Y,Y,N
동북아,중국,후난외국어직업학원,사립,Y,N,N,N,N,N
동북아,중국,후난외무직업학원,국립,Y,N,N,N,N,N
동북아,중국,후난이공학원,국립,Y,N,N,N,Y,N
동북아,중국,후난재경공업직업기술학원,,N,N,N,Y,N,N
동북아,중국,후난철로과기직업기술학원,국립,N,N,N,Y,N,N
동북아,몽골,후레정보통신대,사립,Y,N,N,N,N,N
남미,볼리비아,후안미사엘사라초자치대학교,기타,N,N,N,Y,N,N
동남아,베트남,후에외국어대학교,국립,Y,N,N,N,N,N
동북아,일본,후지여자대학교,사립,N,N,N,Y,N,N
동북아,일본,후지토코하대학교,사립,N,N,N,Y,N,N
동북아,일본,후쿠시마대학,국립,N,N,N,Y,N,N
동북아,일본,후쿠야마대학교,사립,N,N,N,Y,N,N
동북아,일본,후쿠오카공업대학교,사립,N,N,N,Y,N,N
동북아,일본,후쿠오카교육대학교,국립,N,N,N,Y,N,N
동북아,일본,후쿠오카국제대학교,사립,N,N,N,Y,N,N
동북아,일본,후쿠오카대학교,사립,Y,N,N,N,N,N
동북아,일본,후쿠오카여자대학교,국립,N,N,N,Y,N,N
동북아,일본,후쿠오카여학원대학교,사립,N,N,N,Y,N,N
동북아,일본,후쿠오카현립대학교,국립,N,N,N,Y,N,N
동북아,일본,후쿠이현립대학교,국립,N,N,N,Y,N,N
서유럽,네덜란드,흐로닝언대학교,국립,N,Y,Y,Y,Y,Y
동북아,중국,흑룡강공업학원,,Y,N,N,N,N,N
동북아,중국,흑룡강농업경제직업학원,,Y,N,N,N,N,N
동북아,중국,흑룡강농업과학기술직업학원,,N,N,N,Y,N,N
동북아,중국,흑룡강대학교,국립,Y,Y,N,N,Y,N
동북아,중국,흑룡강민족직업학원,,Y,N,N,N,N,N
동북아,중국,흑룡강여유직업학원,,Y,N,N,N,N,N
동북아,중국,흑룡강외국어학원,,Y,N,N,N,N,N
동북아,중국,흑룡강직업학원,,N,N,N,Y,N,N
동북아,일본,히가시닛폰국제대학교,사립,N,N,N,Y,N,N
동북아,일본,히로사키대학교,국립,N,N,N,Y,N,N
동북아,일본,히로시마경제대학교,사립,N,N,N,Y,N,N
동북아,일본,히로시마국제대학교,사립,N,N,N,Y,N,N
동북아,일본,히로시마국제학원대학교,사립,N,N,N,Y,N,N
동북아,일본,히로시마대학교,국립,N,N,N,Y,N,N
동북아,일본,히로시마문화학원대학교,사립,N,N,N,Y,N,N
동북아,일본,히로시마슈도대학교,사립,N,N,N,Y,N,N
동북아,일본,히로시마시립대학교,국립,N,N,N,Y,N,N
동북아,일본,히로시마현립대학교,기타,Y,Y,N,N,Y,N
동북아,일본,히메지돗쿄대학교,사립,Y,N,N,Y,N,N
동북아,일본,히지야마대학교,사립,N,N,N,Y,N,N
동북아,일본,히토쓰바시대학교,국립,Y,Y,Y,Y,Y,N
서남아,인도,힌두스탄대학교,사립,N,N,N,Y,N,N
